panel_name	panel_size	panel_rank	probe_index	probe_id	selected_count	mean_rank	source
consensus_locked_500_cpg	500	1	346550	cg23057992	15	1.0	fold_selection_consensus
consensus_locked_500_cpg	500	2	260207	cg16602369	15	2.2666666666666666	fold_selection_consensus
consensus_locked_500_cpg	500	3	347040	cg23091104	15	2.7333333333333334	fold_selection_consensus
consensus_locked_500_cpg	500	4	78288	cg04571941	15	4.0	fold_selection_consensus
consensus_locked_500_cpg	500	5	171082	cg10554839	15	5.0	fold_selection_consensus
consensus_locked_500_cpg	500	6	187307	cg11717189	15	6.0	fold_selection_consensus
consensus_locked_500_cpg	500	7	289190	cg18703601	15	7.0	fold_selection_consensus
consensus_locked_500_cpg	500	8	327426	cg21577651	15	8.0	fold_selection_consensus
consensus_locked_500_cpg	500	9	68608	cg03990436	15	9.0	fold_selection_consensus
consensus_locked_500_cpg	500	10	118926	cg07129523	15	10.0	fold_selection_consensus
consensus_locked_500_cpg	500	11	340385	cg22621695	15	11.0	fold_selection_consensus
consensus_locked_500_cpg	500	12	22660	cg01263942	15	12.0	fold_selection_consensus
consensus_locked_500_cpg	500	13	208895	cg13294849	15	13.0	fold_selection_consensus
consensus_locked_500_cpg	500	14	203968	cg12911732	15	15.0	fold_selection_consensus
consensus_locked_500_cpg	500	15	233397	cg14696311	15	16.266666666666666	fold_selection_consensus
consensus_locked_500_cpg	500	16	168934	cg10416814	15	16.333333333333332	fold_selection_consensus
consensus_locked_500_cpg	500	17	105579	cg06315390	15	16.666666666666668	fold_selection_consensus
consensus_locked_500_cpg	500	18	148954	cg09068128	15	17.2	fold_selection_consensus
consensus_locked_500_cpg	500	19	374982	cg25105522	15	17.533333333333335	fold_selection_consensus
consensus_locked_500_cpg	500	20	141968	cg08599635	15	20.6	fold_selection_consensus
consensus_locked_500_cpg	500	21	191758	cg12019614	15	20.666666666666668	fold_selection_consensus
consensus_locked_500_cpg	500	22	104377	cg06223834	15	22.466666666666665	fold_selection_consensus
consensus_locked_500_cpg	500	23	31093	cg01774894	15	23.733333333333334	fold_selection_consensus
consensus_locked_500_cpg	500	24	275943	cg17754510	15	23.933333333333334	fold_selection_consensus
consensus_locked_500_cpg	500	25	308283	cg20100745	15	24.8	fold_selection_consensus
consensus_locked_500_cpg	500	26	186011	cg11630939	15	26.466666666666665	fold_selection_consensus
consensus_locked_500_cpg	500	27	386920	cg26014538	15	26.666666666666668	fold_selection_consensus
consensus_locked_500_cpg	500	28	271013	cg17375167	15	27.066666666666666	fold_selection_consensus
consensus_locked_500_cpg	500	29	405063	cg27260772	15	28.866666666666667	fold_selection_consensus
consensus_locked_500_cpg	500	30	306745	cg19980771	15	30.533333333333335	fold_selection_consensus
consensus_locked_500_cpg	500	31	22380	cg01246520	15	31.0	fold_selection_consensus
consensus_locked_500_cpg	500	32	313888	cg20545544	15	32.53333333333333	fold_selection_consensus
consensus_locked_500_cpg	500	33	383249	cg25731211	15	32.6	fold_selection_consensus
consensus_locked_500_cpg	500	34	95529	cg05651243	15	33.666666666666664	fold_selection_consensus
consensus_locked_500_cpg	500	35	399388	cg26864905	15	34.4	fold_selection_consensus
consensus_locked_500_cpg	500	36	331387	cg21887193	15	36.2	fold_selection_consensus
consensus_locked_500_cpg	500	37	200991	cg12680131	15	37.53333333333333	fold_selection_consensus
consensus_locked_500_cpg	500	38	12017	cg00660167	15	38.4	fold_selection_consensus
consensus_locked_500_cpg	500	39	334934	cg22169990	15	39.06666666666667	fold_selection_consensus
consensus_locked_500_cpg	500	40	35622	cg02027945	15	40.13333333333333	fold_selection_consensus
consensus_locked_500_cpg	500	41	7798	cg00428457	15	42.06666666666667	fold_selection_consensus
consensus_locked_500_cpg	500	42	29564	cg01680010	15	42.46666666666667	fold_selection_consensus
consensus_locked_500_cpg	500	43	13943	cg00768487	15	43.46666666666667	fold_selection_consensus
consensus_locked_500_cpg	500	44	191696	cg12014181	15	44.333333333333336	fold_selection_consensus
consensus_locked_500_cpg	500	45	214894	cg13641185	15	44.93333333333333	fold_selection_consensus
consensus_locked_500_cpg	500	46	63794	cg03692651	15	45.333333333333336	fold_selection_consensus
consensus_locked_500_cpg	500	47	243293	cg15425541	15	46.13333333333333	fold_selection_consensus
consensus_locked_500_cpg	500	48	16338	cg00907288	15	47.333333333333336	fold_selection_consensus
consensus_locked_500_cpg	500	49	260858	cg16647921	15	48.53333333333333	fold_selection_consensus
consensus_locked_500_cpg	500	50	370969	cg24816460	15	50.93333333333333	fold_selection_consensus
consensus_locked_500_cpg	500	51	399291	cg26858540	15	51.46666666666667	fold_selection_consensus
consensus_locked_500_cpg	500	52	409942	cg27592331	15	52.6	fold_selection_consensus
consensus_locked_500_cpg	500	53	29590	cg01682111	15	53.266666666666666	fold_selection_consensus
consensus_locked_500_cpg	500	54	170155	cg10501210	15	54.266666666666666	fold_selection_consensus
consensus_locked_500_cpg	500	55	318783	cg20928945	15	55.333333333333336	fold_selection_consensus
consensus_locked_500_cpg	500	56	200129	cg12619262	15	55.4	fold_selection_consensus
consensus_locked_500_cpg	500	57	234371	cg14769786	15	57.4	fold_selection_consensus
consensus_locked_500_cpg	500	58	189635	cg11862144	15	57.93333333333333	fold_selection_consensus
consensus_locked_500_cpg	500	59	219002	cg13879483	15	58.06666666666667	fold_selection_consensus
consensus_locked_500_cpg	500	60	192584	cg12072262	15	60.733333333333334	fold_selection_consensus
consensus_locked_500_cpg	500	61	48380	cg02772121	15	61.06666666666667	fold_selection_consensus
consensus_locked_500_cpg	500	62	342028	cg22740796	15	61.06666666666667	fold_selection_consensus
consensus_locked_500_cpg	500	63	361858	cg24150623	15	62.46666666666667	fold_selection_consensus
consensus_locked_500_cpg	500	64	402753	cg27091865	15	66.4	fold_selection_consensus
consensus_locked_500_cpg	500	65	299478	cg19486070	15	67.0	fold_selection_consensus
consensus_locked_500_cpg	500	66	244294	cg15497761	15	67.8	fold_selection_consensus
consensus_locked_500_cpg	500	67	35963	cg02048922	15	67.93333333333334	fold_selection_consensus
consensus_locked_500_cpg	500	68	225960	cg14262681	15	69.26666666666667	fold_selection_consensus
consensus_locked_500_cpg	500	69	325355	cg21428990	15	70.2	fold_selection_consensus
consensus_locked_500_cpg	500	70	114699	cg06879394	15	70.46666666666667	fold_selection_consensus
consensus_locked_500_cpg	500	71	230011	cg14500486	15	70.86666666666666	fold_selection_consensus
consensus_locked_500_cpg	500	72	345450	cg22986569	15	71.26666666666667	fold_selection_consensus
consensus_locked_500_cpg	500	73	56770	cg03274456	15	72.06666666666666	fold_selection_consensus
consensus_locked_500_cpg	500	74	80839	cg04737131	15	72.73333333333333	fold_selection_consensus
consensus_locked_500_cpg	500	75	34552	cg01965874	15	74.6	fold_selection_consensus
consensus_locked_500_cpg	500	76	138395	cg08360726	15	76.86666666666666	fold_selection_consensus
consensus_locked_500_cpg	500	77	355733	cg23709617	15	77.86666666666666	fold_selection_consensus
consensus_locked_500_cpg	500	78	293509	cg19022006	15	78.0	fold_selection_consensus
consensus_locked_500_cpg	500	79	278604	cg17945789	15	78.8	fold_selection_consensus
consensus_locked_500_cpg	500	80	407681	cg27436995	15	80.0	fold_selection_consensus
consensus_locked_500_cpg	500	81	281106	cg18121066	15	82.13333333333334	fold_selection_consensus
consensus_locked_500_cpg	500	82	189179	cg11837293	15	82.46666666666667	fold_selection_consensus
consensus_locked_500_cpg	500	83	386845	cg26010218	15	82.86666666666666	fold_selection_consensus
consensus_locked_500_cpg	500	84	159693	cg09798888	15	84.0	fold_selection_consensus
consensus_locked_500_cpg	500	85	147396	cg08954277	15	84.66666666666667	fold_selection_consensus
consensus_locked_500_cpg	500	86	233675	cg14715697	15	85.2	fold_selection_consensus
consensus_locked_500_cpg	500	87	269036	cg17233090	15	86.8	fold_selection_consensus
consensus_locked_500_cpg	500	88	100018	cg05940691	15	87.26666666666667	fold_selection_consensus
consensus_locked_500_cpg	500	89	121060	cg07248223	15	87.46666666666667	fold_selection_consensus
consensus_locked_500_cpg	500	90	337961	cg22425474	15	88.33333333333333	fold_selection_consensus
consensus_locked_500_cpg	500	91	402462	cg27071152	15	89.73333333333333	fold_selection_consensus
consensus_locked_500_cpg	500	92	119600	cg07162000	15	90.8	fold_selection_consensus
consensus_locked_500_cpg	500	93	35581	cg02025737	15	92.53333333333333	fold_selection_consensus
consensus_locked_500_cpg	500	94	16800	cg00931644	15	94.66666666666667	fold_selection_consensus
consensus_locked_500_cpg	500	95	292290	cg18924324	15	95.0	fold_selection_consensus
consensus_locked_500_cpg	500	96	43409	cg02486253	15	95.73333333333333	fold_selection_consensus
consensus_locked_500_cpg	500	97	337714	cg22399133	15	98.53333333333333	fold_selection_consensus
consensus_locked_500_cpg	500	98	236748	cg14931854	15	101.93333333333334	fold_selection_consensus
consensus_locked_500_cpg	500	99	28741	cg01623261	15	102.26666666666667	fold_selection_consensus
consensus_locked_500_cpg	500	100	386686	cg25999637	15	102.93333333333334	fold_selection_consensus
consensus_locked_500_cpg	500	101	348343	cg23192683	15	103.2	fold_selection_consensus
consensus_locked_500_cpg	500	102	116294	cg06972969	15	104.2	fold_selection_consensus
consensus_locked_500_cpg	500	103	372778	cg24940967	15	104.8	fold_selection_consensus
consensus_locked_500_cpg	500	104	120943	cg07240413	15	104.86666666666666	fold_selection_consensus
consensus_locked_500_cpg	500	105	197978	cg12468255	15	105.13333333333334	fold_selection_consensus
consensus_locked_500_cpg	500	106	75975	cg04428071	15	105.53333333333333	fold_selection_consensus
consensus_locked_500_cpg	500	107	263368	cg16810279	15	105.6	fold_selection_consensus
consensus_locked_500_cpg	500	108	54500	cg03132824	15	106.2	fold_selection_consensus
consensus_locked_500_cpg	500	109	274431	cg17627629	15	107.06666666666666	fold_selection_consensus
consensus_locked_500_cpg	500	110	351371	cg23398076	15	107.2	fold_selection_consensus
consensus_locked_500_cpg	500	111	374484	cg25066665	15	109.13333333333334	fold_selection_consensus
consensus_locked_500_cpg	500	112	117427	cg07041999	15	110.4	fold_selection_consensus
consensus_locked_500_cpg	500	113	39531	cg02261899	15	111.0	fold_selection_consensus
consensus_locked_500_cpg	500	114	184620	cg11526413	15	113.46666666666667	fold_selection_consensus
consensus_locked_500_cpg	500	115	49383	cg02837536	15	114.53333333333333	fold_selection_consensus
consensus_locked_500_cpg	500	116	176343	cg10928544	15	115.73333333333333	fold_selection_consensus
consensus_locked_500_cpg	500	117	138779	cg08387538	15	118.73333333333333	fold_selection_consensus
consensus_locked_500_cpg	500	118	386849	cg26010734	15	120.06666666666666	fold_selection_consensus
consensus_locked_500_cpg	500	119	348680	cg23211949	15	121.13333333333334	fold_selection_consensus
consensus_locked_500_cpg	500	120	285830	cg18450582	15	121.26666666666667	fold_selection_consensus
consensus_locked_500_cpg	500	121	81347	cg04769798	15	121.33333333333333	fold_selection_consensus
consensus_locked_500_cpg	500	122	39388	cg02253760	15	122.06666666666666	fold_selection_consensus
consensus_locked_500_cpg	500	123	134599	cg08123444	15	123.86666666666666	fold_selection_consensus
consensus_locked_500_cpg	500	124	312623	cg20446334	15	125.26666666666667	fold_selection_consensus
consensus_locked_500_cpg	500	125	297606	cg19351954	15	125.93333333333334	fold_selection_consensus
consensus_locked_500_cpg	500	126	369342	cg24702147	15	126.2	fold_selection_consensus
consensus_locked_500_cpg	500	127	220218	cg13944468	15	126.8	fold_selection_consensus
consensus_locked_500_cpg	500	128	111541	cg06699564	15	127.93333333333334	fold_selection_consensus
consensus_locked_500_cpg	500	129	346832	cg23076870	15	129.33333333333334	fold_selection_consensus
consensus_locked_500_cpg	500	130	183747	cg11452329	15	129.53333333333333	fold_selection_consensus
consensus_locked_500_cpg	500	131	372067	cg24888257	15	130.06666666666666	fold_selection_consensus
consensus_locked_500_cpg	500	132	285928	cg18456523	15	130.8	fold_selection_consensus
consensus_locked_500_cpg	500	133	285514	cg18430555	15	133.0	fold_selection_consensus
consensus_locked_500_cpg	500	134	399575	cg26876834	15	134.2	fold_selection_consensus
consensus_locked_500_cpg	500	135	95247	cg05633523	15	135.0	fold_selection_consensus
consensus_locked_500_cpg	500	136	129785	cg07813142	15	135.73333333333332	fold_selection_consensus
consensus_locked_500_cpg	500	137	197501	cg12436377	15	136.66666666666666	fold_selection_consensus
consensus_locked_500_cpg	500	138	87432	cg05140257	15	137.53333333333333	fold_selection_consensus
consensus_locked_500_cpg	500	139	28681	cg01620164	15	139.4	fold_selection_consensus
consensus_locked_500_cpg	500	140	408935	cg27527630	15	141.46666666666667	fold_selection_consensus
consensus_locked_500_cpg	500	141	145095	cg08812108	15	141.66666666666666	fold_selection_consensus
consensus_locked_500_cpg	500	142	350028	cg23298862	15	141.86666666666667	fold_selection_consensus
consensus_locked_500_cpg	500	143	290657	cg18805164	15	142.06666666666666	fold_selection_consensus
consensus_locked_500_cpg	500	144	320615	cg21063722	15	143.6	fold_selection_consensus
consensus_locked_500_cpg	500	145	129477	cg07795766	15	144.13333333333333	fold_selection_consensus
consensus_locked_500_cpg	500	146	254116	cg16208084	15	144.93333333333334	fold_selection_consensus
consensus_locked_500_cpg	500	147	92849	cg05477457	15	146.0	fold_selection_consensus
consensus_locked_500_cpg	500	148	371690	cg24866923	15	147.2	fold_selection_consensus
consensus_locked_500_cpg	500	149	386037	cg25950625	15	149.4	fold_selection_consensus
consensus_locked_500_cpg	500	150	343983	cg22877570	15	150.66666666666666	fold_selection_consensus
consensus_locked_500_cpg	500	151	286899	cg18525352	15	151.86666666666667	fold_selection_consensus
consensus_locked_500_cpg	500	152	256853	cg16389901	15	152.06666666666666	fold_selection_consensus
consensus_locked_500_cpg	500	153	142346	cg08624648	15	154.8	fold_selection_consensus
consensus_locked_500_cpg	500	154	84080	cg04927931	15	154.93333333333334	fold_selection_consensus
consensus_locked_500_cpg	500	155	47408	cg02716776	15	157.06666666666666	fold_selection_consensus
consensus_locked_500_cpg	500	156	104868	cg06260815	15	157.8	fold_selection_consensus
consensus_locked_500_cpg	500	157	410171	cg27610821	15	157.8	fold_selection_consensus
consensus_locked_500_cpg	500	158	53544	cg03070236	15	159.0	fold_selection_consensus
consensus_locked_500_cpg	500	159	240923	cg15232539	15	159.6	fold_selection_consensus
consensus_locked_500_cpg	500	160	38562	cg02202923	15	160.86666666666667	fold_selection_consensus
consensus_locked_500_cpg	500	161	356247	cg23749482	15	160.86666666666667	fold_selection_consensus
consensus_locked_500_cpg	500	162	283052	cg18249580	15	161.33333333333334	fold_selection_consensus
consensus_locked_500_cpg	500	163	311951	cg20391567	15	163.26666666666668	fold_selection_consensus
consensus_locked_500_cpg	500	164	88009	cg05173913	15	164.93333333333334	fold_selection_consensus
consensus_locked_500_cpg	500	165	62232	cg03596016	15	165.0	fold_selection_consensus
consensus_locked_500_cpg	500	166	371009	cg24820672	15	165.46666666666667	fold_selection_consensus
consensus_locked_500_cpg	500	167	217378	cg13784312	15	166.26666666666668	fold_selection_consensus
consensus_locked_500_cpg	500	168	349184	cg23244022	15	167.4	fold_selection_consensus
consensus_locked_500_cpg	500	169	300778	cg19579500	15	167.93333333333334	fold_selection_consensus
consensus_locked_500_cpg	500	170	283054	cg18249634	15	168.2	fold_selection_consensus
consensus_locked_500_cpg	500	171	358768	cg23947326	15	168.33333333333334	fold_selection_consensus
consensus_locked_500_cpg	500	172	222535	cg14072016	15	168.6	fold_selection_consensus
consensus_locked_500_cpg	500	173	146182	cg08875705	15	172.26666666666668	fold_selection_consensus
consensus_locked_500_cpg	500	174	65993	cg03826594	15	173.33333333333334	fold_selection_consensus
consensus_locked_500_cpg	500	175	184413	cg11510586	15	174.33333333333334	fold_selection_consensus
consensus_locked_500_cpg	500	176	391603	cg26335251	15	176.2	fold_selection_consensus
consensus_locked_500_cpg	500	177	395954	cg26635219	15	177.0	fold_selection_consensus
consensus_locked_500_cpg	500	178	79282	cg04635642	15	178.26666666666668	fold_selection_consensus
consensus_locked_500_cpg	500	179	19432	cg01074657	15	179.73333333333332	fold_selection_consensus
consensus_locked_500_cpg	500	180	149960	cg09139047	15	181.93333333333334	fold_selection_consensus
consensus_locked_500_cpg	500	181	218245	cg13832669	15	185.53333333333333	fold_selection_consensus
consensus_locked_500_cpg	500	182	53463	cg03065447	15	185.8	fold_selection_consensus
consensus_locked_500_cpg	500	183	187649	cg11738485	15	186.8	fold_selection_consensus
consensus_locked_500_cpg	500	184	193556	cg12134633	15	186.8	fold_selection_consensus
consensus_locked_500_cpg	500	185	176026	cg10903903	15	187.66666666666666	fold_selection_consensus
consensus_locked_500_cpg	500	186	2444	cg00123762	15	188.33333333333334	fold_selection_consensus
consensus_locked_500_cpg	500	187	264377	cg16896868	15	188.73333333333332	fold_selection_consensus
consensus_locked_500_cpg	500	188	373784	cg25017223	15	188.86666666666667	fold_selection_consensus
consensus_locked_500_cpg	500	189	14115	cg00778807	15	189.13333333333333	fold_selection_consensus
consensus_locked_500_cpg	500	190	223345	cg14118515	15	189.13333333333333	fold_selection_consensus
consensus_locked_500_cpg	500	191	312421	cg20431191	15	189.86666666666667	fold_selection_consensus
consensus_locked_500_cpg	500	192	384793	cg25844605	15	190.13333333333333	fold_selection_consensus
consensus_locked_500_cpg	500	193	384342	cg25810792	15	191.06666666666666	fold_selection_consensus
consensus_locked_500_cpg	500	194	151319	cg09232555	15	191.13333333333333	fold_selection_consensus
consensus_locked_500_cpg	500	195	402841	cg27097992	15	191.86666666666667	fold_selection_consensus
consensus_locked_500_cpg	500	196	12408	cg00683332	15	192.13333333333333	fold_selection_consensus
consensus_locked_500_cpg	500	197	232031	cg14608581	15	194.06666666666666	fold_selection_consensus
consensus_locked_500_cpg	500	198	34727	cg01974091	15	195.53333333333333	fold_selection_consensus
consensus_locked_500_cpg	500	199	260782	cg16642284	15	196.53333333333333	fold_selection_consensus
consensus_locked_500_cpg	500	200	380882	cg25553466	15	197.93333333333334	fold_selection_consensus
consensus_locked_500_cpg	500	201	236177	cg14891195	15	200.86666666666667	fold_selection_consensus
consensus_locked_500_cpg	500	202	250455	cg15940337	15	203.66666666666666	fold_selection_consensus
consensus_locked_500_cpg	500	203	254751	cg16252110	15	205.73333333333332	fold_selection_consensus
consensus_locked_500_cpg	500	204	132936	cg08018585	15	206.93333333333334	fold_selection_consensus
consensus_locked_500_cpg	500	205	229984	cg14498592	15	207.33333333333334	fold_selection_consensus
consensus_locked_500_cpg	500	206	236749	cg14931884	15	207.4	fold_selection_consensus
consensus_locked_500_cpg	500	207	370494	cg24779941	15	207.53333333333333	fold_selection_consensus
consensus_locked_500_cpg	500	208	295579	cg19192280	15	210.93333333333334	fold_selection_consensus
consensus_locked_500_cpg	500	209	326623	cg21523564	15	210.93333333333334	fold_selection_consensus
consensus_locked_500_cpg	500	210	389712	cg26210445	15	212.53333333333333	fold_selection_consensus
consensus_locked_500_cpg	500	211	189982	cg11887532	15	213.66666666666666	fold_selection_consensus
consensus_locked_500_cpg	500	212	263988	cg16865446	15	215.0	fold_selection_consensus
consensus_locked_500_cpg	500	213	248333	cg15788369	15	216.4	fold_selection_consensus
consensus_locked_500_cpg	500	214	225919	cg14260083	15	217.46666666666667	fold_selection_consensus
consensus_locked_500_cpg	500	215	360772	cg24077454	15	219.0	fold_selection_consensus
consensus_locked_500_cpg	500	216	379024	cg25407979	15	219.26666666666668	fold_selection_consensus
consensus_locked_500_cpg	500	217	344838	cg22943986	15	220.06666666666666	fold_selection_consensus
consensus_locked_500_cpg	500	218	303534	cg19764370	15	220.2	fold_selection_consensus
consensus_locked_500_cpg	500	219	306271	cg19945931	15	222.13333333333333	fold_selection_consensus
consensus_locked_500_cpg	500	220	176750	cg10956848	15	222.6	fold_selection_consensus
consensus_locked_500_cpg	500	221	320320	cg21039708	15	223.0	fold_selection_consensus
consensus_locked_500_cpg	500	222	219114	cg13885357	15	226.46666666666667	fold_selection_consensus
consensus_locked_500_cpg	500	223	278203	cg17919152	15	226.8	fold_selection_consensus
consensus_locked_500_cpg	500	224	387451	cg26056277	15	227.66666666666666	fold_selection_consensus
consensus_locked_500_cpg	500	225	46617	cg02670123	15	227.8	fold_selection_consensus
consensus_locked_500_cpg	500	226	197986	cg12468774	15	229.0	fold_selection_consensus
consensus_locked_500_cpg	500	227	110455	cg06633438	15	229.86666666666667	fold_selection_consensus
consensus_locked_500_cpg	500	228	197739	cg12451631	15	230.0	fold_selection_consensus
consensus_locked_500_cpg	500	229	198993	cg12542255	15	230.6	fold_selection_consensus
consensus_locked_500_cpg	500	230	76597	cg04470054	15	231.0	fold_selection_consensus
consensus_locked_500_cpg	500	231	215176	cg13656752	15	231.73333333333332	fold_selection_consensus
consensus_locked_500_cpg	500	232	197288	cg12422539	15	232.13333333333333	fold_selection_consensus
consensus_locked_500_cpg	500	233	321961	cg21163347	15	232.8	fold_selection_consensus
consensus_locked_500_cpg	500	234	184651	cg11528328	15	233.6	fold_selection_consensus
consensus_locked_500_cpg	500	235	62454	cg03607220	15	233.8	fold_selection_consensus
consensus_locked_500_cpg	500	236	166506	cg10244976	15	234.13333333333333	fold_selection_consensus
consensus_locked_500_cpg	500	237	86675	cg05090759	15	235.0	fold_selection_consensus
consensus_locked_500_cpg	500	238	43426	cg02486855	15	235.13333333333333	fold_selection_consensus
consensus_locked_500_cpg	500	239	335239	cg22198853	15	236.53333333333333	fold_selection_consensus
consensus_locked_500_cpg	500	240	337228	cg22365276	15	238.4	fold_selection_consensus
consensus_locked_500_cpg	500	241	204255	cg12934884	15	239.33333333333334	fold_selection_consensus
consensus_locked_500_cpg	500	242	78504	cg04583813	15	239.66666666666666	fold_selection_consensus
consensus_locked_500_cpg	500	243	367162	cg24545961	15	239.93333333333334	fold_selection_consensus
consensus_locked_500_cpg	500	244	271396	cg17402060	15	241.53333333333333	fold_selection_consensus
consensus_locked_500_cpg	500	245	216211	cg13712197	15	241.66666666666666	fold_selection_consensus
consensus_locked_500_cpg	500	246	120357	cg07205203	15	242.4	fold_selection_consensus
consensus_locked_500_cpg	500	247	200782	cg12662576	15	242.4	fold_selection_consensus
consensus_locked_500_cpg	500	248	112408	cg06752054	15	246.33333333333334	fold_selection_consensus
consensus_locked_500_cpg	500	249	112022	cg06728252	15	247.0	fold_selection_consensus
consensus_locked_500_cpg	500	250	91931	cg05408649	15	248.0	fold_selection_consensus
consensus_locked_500_cpg	500	251	151884	cg09265054	15	248.46666666666667	fold_selection_consensus
consensus_locked_500_cpg	500	252	303211	cg19744936	15	249.13333333333333	fold_selection_consensus
consensus_locked_500_cpg	500	253	235778	cg14861089	15	252.73333333333332	fold_selection_consensus
consensus_locked_500_cpg	500	254	342531	cg22784954	15	253.0	fold_selection_consensus
consensus_locked_500_cpg	500	255	11861	cg00650640	15	253.13333333333333	fold_selection_consensus
consensus_locked_500_cpg	500	256	18624	cg01030534	15	254.4	fold_selection_consensus
consensus_locked_500_cpg	500	257	277597	cg17870484	15	257.8	fold_selection_consensus
consensus_locked_500_cpg	500	258	118880	cg07126525	15	258.0	fold_selection_consensus
consensus_locked_500_cpg	500	259	215852	cg13692426	15	260.0	fold_selection_consensus
consensus_locked_500_cpg	500	260	30898	cg01764252	15	261.0	fold_selection_consensus
consensus_locked_500_cpg	500	261	275673	cg17735539	15	263.6	fold_selection_consensus
consensus_locked_500_cpg	500	262	104717	cg06248767	15	264.1333333333333	fold_selection_consensus
consensus_locked_500_cpg	500	263	337303	cg22369786	15	265.2	fold_selection_consensus
consensus_locked_500_cpg	500	264	94336	cg05575614	15	265.26666666666665	fold_selection_consensus
consensus_locked_500_cpg	500	265	345540	cg22992730	15	265.6666666666667	fold_selection_consensus
consensus_locked_500_cpg	500	266	182587	cg11367259	15	267.26666666666665	fold_selection_consensus
consensus_locked_500_cpg	500	267	367786	cg24595510	15	267.53333333333336	fold_selection_consensus
consensus_locked_500_cpg	500	268	88783	cg05224741	15	268.26666666666665	fold_selection_consensus
consensus_locked_500_cpg	500	269	83961	cg04921315	15	269.73333333333335	fold_selection_consensus
consensus_locked_500_cpg	500	270	69446	cg04039555	15	270.46666666666664	fold_selection_consensus
consensus_locked_500_cpg	500	271	232598	cg14644001	15	270.8666666666667	fold_selection_consensus
consensus_locked_500_cpg	500	272	208272	cg13248778	15	271.1333333333333	fold_selection_consensus
consensus_locked_500_cpg	500	273	385356	cg25900085	15	272.46666666666664	fold_selection_consensus
consensus_locked_500_cpg	500	274	146025	cg08866991	15	273.8	fold_selection_consensus
consensus_locked_500_cpg	500	275	278262	cg17924044	15	274.3333333333333	fold_selection_consensus
consensus_locked_500_cpg	500	276	352164	cg23460250	15	276.6666666666667	fold_selection_consensus
consensus_locked_500_cpg	500	277	333866	cg22084642	15	278.8	fold_selection_consensus
consensus_locked_500_cpg	500	278	154674	cg09450200	15	278.8666666666667	fold_selection_consensus
consensus_locked_500_cpg	500	279	297760	cg19362874	15	279.2	fold_selection_consensus
consensus_locked_500_cpg	500	280	133701	cg08070771	15	280.0	fold_selection_consensus
consensus_locked_500_cpg	500	281	100491	cg05968010	15	280.26666666666665	fold_selection_consensus
consensus_locked_500_cpg	500	282	39255	cg02246055	15	280.3333333333333	fold_selection_consensus
consensus_locked_500_cpg	500	283	126272	cg07585069	15	281.8	fold_selection_consensus
consensus_locked_500_cpg	500	284	246717	cg15673034	15	283.26666666666665	fold_selection_consensus
consensus_locked_500_cpg	500	285	383054	cg25718467	15	285.6	fold_selection_consensus
consensus_locked_500_cpg	500	286	268864	cg17219660	15	286.53333333333336	fold_selection_consensus
consensus_locked_500_cpg	500	287	63704	cg03686593	15	290.3333333333333	fold_selection_consensus
consensus_locked_500_cpg	500	288	233220	cg14684457	15	290.3333333333333	fold_selection_consensus
consensus_locked_500_cpg	500	289	44256	cg02535674	15	290.8	fold_selection_consensus
consensus_locked_500_cpg	500	290	251956	cg16047279	15	292.2	fold_selection_consensus
consensus_locked_500_cpg	500	291	387441	cg26055747	15	292.93333333333334	fold_selection_consensus
consensus_locked_500_cpg	500	292	233697	cg14716990	15	293.8666666666667	fold_selection_consensus
consensus_locked_500_cpg	500	293	199707	cg12593511	15	294.3333333333333	fold_selection_consensus
consensus_locked_500_cpg	500	294	206631	cg13125157	15	294.73333333333335	fold_selection_consensus
consensus_locked_500_cpg	500	295	224875	cg14204784	15	294.8666666666667	fold_selection_consensus
consensus_locked_500_cpg	500	296	366401	cg24496841	15	295.26666666666665	fold_selection_consensus
consensus_locked_500_cpg	500	297	324201	cg21322654	15	298.0	fold_selection_consensus
consensus_locked_500_cpg	500	298	392652	cg26402417	15	300.0	fold_selection_consensus
consensus_locked_500_cpg	500	299	182977	cg11395414	15	301.2	fold_selection_consensus
consensus_locked_500_cpg	500	300	224163	cg14166701	15	301.4	fold_selection_consensus
consensus_locked_500_cpg	500	301	174711	cg10810394	15	304.06666666666666	fold_selection_consensus
consensus_locked_500_cpg	500	302	222857	cg14089881	15	304.1333333333333	fold_selection_consensus
consensus_locked_500_cpg	500	303	253725	cg16179938	15	304.8	fold_selection_consensus
consensus_locked_500_cpg	500	304	409686	cg27576485	15	304.8666666666667	fold_selection_consensus
consensus_locked_500_cpg	500	305	101630	cg06041067	15	305.6666666666667	fold_selection_consensus
consensus_locked_500_cpg	500	306	190579	cg11934688	15	306.46666666666664	fold_selection_consensus
consensus_locked_500_cpg	500	307	174014	cg10767420	15	306.6	fold_selection_consensus
consensus_locked_500_cpg	500	308	365784	cg24452128	15	307.6	fold_selection_consensus
consensus_locked_500_cpg	500	309	386280	cg25968569	15	308.1333333333333	fold_selection_consensus
consensus_locked_500_cpg	500	310	127747	cg07681935	15	309.8666666666667	fold_selection_consensus
consensus_locked_500_cpg	500	311	137571	cg08304084	15	311.6666666666667	fold_selection_consensus
consensus_locked_500_cpg	500	312	177955	cg11041161	15	312.73333333333335	fold_selection_consensus
consensus_locked_500_cpg	500	313	129203	cg07778290	15	314.6666666666667	fold_selection_consensus
consensus_locked_500_cpg	500	314	400525	cg26937434	15	315.4	fold_selection_consensus
consensus_locked_500_cpg	500	315	347161	cg23097686	15	316.0	fold_selection_consensus
consensus_locked_500_cpg	500	316	142088	cg08609270	15	316.93333333333334	fold_selection_consensus
consensus_locked_500_cpg	500	317	22079	cg01227537	15	317.4	fold_selection_consensus
consensus_locked_500_cpg	500	318	308934	cg20151476	15	318.4	fold_selection_consensus
consensus_locked_500_cpg	500	319	281104	cg18121003	15	319.73333333333335	fold_selection_consensus
consensus_locked_500_cpg	500	320	388194	cg26107890	15	322.06666666666666	fold_selection_consensus
consensus_locked_500_cpg	500	321	141093	cg08539872	15	322.2	fold_selection_consensus
consensus_locked_500_cpg	500	322	113878	cg06833110	15	323.73333333333335	fold_selection_consensus
consensus_locked_500_cpg	500	323	149331	cg09094964	15	326.2	fold_selection_consensus
consensus_locked_500_cpg	500	324	23031	cg01288184	15	326.4	fold_selection_consensus
consensus_locked_500_cpg	500	325	318646	cg20916523	15	326.73333333333335	fold_selection_consensus
consensus_locked_500_cpg	500	326	23564	cg01316378	15	329.3333333333333	fold_selection_consensus
consensus_locked_500_cpg	500	327	359616	cg24000814	15	329.3333333333333	fold_selection_consensus
consensus_locked_500_cpg	500	328	381122	cg25570913	15	329.93333333333334	fold_selection_consensus
consensus_locked_500_cpg	500	329	127676	cg07676361	15	330.0	fold_selection_consensus
consensus_locked_500_cpg	500	330	278656	cg17949969	15	330.26666666666665	fold_selection_consensus
consensus_locked_500_cpg	500	331	287738	cg18586886	15	332.2	fold_selection_consensus
consensus_locked_500_cpg	500	332	45967	cg02632490	15	332.8	fold_selection_consensus
consensus_locked_500_cpg	500	333	114848	cg06888746	15	332.8666666666667	fold_selection_consensus
consensus_locked_500_cpg	500	334	146020	cg08866780	15	332.8666666666667	fold_selection_consensus
consensus_locked_500_cpg	500	335	321079	cg21101720	15	335.3333333333333	fold_selection_consensus
consensus_locked_500_cpg	500	336	410947	cg27664085	15	336.8666666666667	fold_selection_consensus
consensus_locked_500_cpg	500	337	144663	cg08781140	15	337.3333333333333	fold_selection_consensus
consensus_locked_500_cpg	500	338	54790	cg03149565	15	338.06666666666666	fold_selection_consensus
consensus_locked_500_cpg	500	339	100286	cg05955675	15	338.2	fold_selection_consensus
consensus_locked_500_cpg	500	340	295903	cg19220719	15	338.4	fold_selection_consensus
consensus_locked_500_cpg	500	341	114867	cg06889571	15	339.8666666666667	fold_selection_consensus
consensus_locked_500_cpg	500	342	254108	cg16207110	15	340.1333333333333	fold_selection_consensus
consensus_locked_500_cpg	500	343	1507	cg00076195	15	340.4	fold_selection_consensus
consensus_locked_500_cpg	500	344	284588	cg18363918	15	340.8	fold_selection_consensus
consensus_locked_500_cpg	500	345	146284	cg08880849	15	341.8	fold_selection_consensus
consensus_locked_500_cpg	500	346	207364	cg13181974	15	343.06666666666666	fold_selection_consensus
consensus_locked_500_cpg	500	347	283572	cg18286501	15	343.06666666666666	fold_selection_consensus
consensus_locked_500_cpg	500	348	13153	cg00722320	15	343.1333333333333	fold_selection_consensus
consensus_locked_500_cpg	500	349	168748	cg10400707	15	343.6	fold_selection_consensus
consensus_locked_500_cpg	500	350	312033	cg20399616	15	343.73333333333335	fold_selection_consensus
consensus_locked_500_cpg	500	351	176100	cg10909185	15	346.2	fold_selection_consensus
consensus_locked_500_cpg	500	352	341915	cg22731271	15	347.8666666666667	fold_selection_consensus
consensus_locked_500_cpg	500	353	134676	cg08128087	15	349.6	fold_selection_consensus
consensus_locked_500_cpg	500	354	52577	cg03014326	15	351.4	fold_selection_consensus
consensus_locked_500_cpg	500	355	130516	cg07861448	15	353.1333333333333	fold_selection_consensus
consensus_locked_500_cpg	500	356	150467	cg09170112	15	353.6666666666667	fold_selection_consensus
consensus_locked_500_cpg	500	357	353347	cg23541975	15	354.06666666666666	fold_selection_consensus
consensus_locked_500_cpg	500	358	6296	cg00347757	15	355.53333333333336	fold_selection_consensus
consensus_locked_500_cpg	500	359	405158	cg27267227	15	355.6	fold_selection_consensus
consensus_locked_500_cpg	500	360	30475	cg01738022	15	356.3333333333333	fold_selection_consensus
consensus_locked_500_cpg	500	361	117477	cg07045089	15	356.3333333333333	fold_selection_consensus
consensus_locked_500_cpg	500	362	169244	cg10439246	15	357.1333333333333	fold_selection_consensus
consensus_locked_500_cpg	500	363	250872	cg15975806	15	360.0	fold_selection_consensus
consensus_locked_500_cpg	500	364	320129	cg21026830	15	360.26666666666665	fold_selection_consensus
consensus_locked_500_cpg	500	365	345048	cg22958090	15	366.4	fold_selection_consensus
consensus_locked_500_cpg	500	366	210309	cg13390867	15	367.0	fold_selection_consensus
consensus_locked_500_cpg	500	367	229717	cg14482569	15	368.0	fold_selection_consensus
consensus_locked_500_cpg	500	368	91244	cg05369857	15	368.53333333333336	fold_selection_consensus
consensus_locked_500_cpg	500	369	391888	cg26351479	15	368.6	fold_selection_consensus
consensus_locked_500_cpg	500	370	264059	cg16871561	15	371.8666666666667	fold_selection_consensus
consensus_locked_500_cpg	500	371	199826	cg12600174	15	373.26666666666665	fold_selection_consensus
consensus_locked_500_cpg	500	372	98595	cg05857999	15	373.4	fold_selection_consensus
consensus_locked_500_cpg	500	373	272948	cg17509039	15	374.1333333333333	fold_selection_consensus
consensus_locked_500_cpg	500	374	252642	cg16100845	15	374.6666666666667	fold_selection_consensus
consensus_locked_500_cpg	500	375	297096	cg19308375	15	375.2	fold_selection_consensus
consensus_locked_500_cpg	500	376	186120	cg11638117	15	375.4	fold_selection_consensus
consensus_locked_500_cpg	500	377	322842	cg21215550	15	378.8	fold_selection_consensus
consensus_locked_500_cpg	500	378	196198	cg12336777	15	378.93333333333334	fold_selection_consensus
consensus_locked_500_cpg	500	379	107761	cg06463958	15	380.4	fold_selection_consensus
consensus_locked_500_cpg	500	380	33224	cg01893212	15	381.6666666666667	fold_selection_consensus
consensus_locked_500_cpg	500	381	234560	cg14780632	15	381.8	fold_selection_consensus
consensus_locked_500_cpg	500	382	263026	cg16786640	15	382.0	fold_selection_consensus
consensus_locked_500_cpg	500	383	249498	cg15871766	15	382.26666666666665	fold_selection_consensus
consensus_locked_500_cpg	500	384	248363	cg15792134	15	382.6	fold_selection_consensus
consensus_locked_500_cpg	500	385	409381	cg27555582	15	384.06666666666666	fold_selection_consensus
consensus_locked_500_cpg	500	386	211475	cg13453904	15	384.3333333333333	fold_selection_consensus
consensus_locked_500_cpg	500	387	154696	cg09451427	15	386.6	fold_selection_consensus
consensus_locked_500_cpg	500	388	398057	cg26783057	15	389.3333333333333	fold_selection_consensus
consensus_locked_500_cpg	500	389	58181	cg03356595	15	391.2	fold_selection_consensus
consensus_locked_500_cpg	500	390	299226	cg19467964	15	391.26666666666665	fold_selection_consensus
consensus_locked_500_cpg	500	391	380709	cg25538415	15	392.53333333333336	fold_selection_consensus
consensus_locked_500_cpg	500	392	146403	cg08887400	15	393.26666666666665	fold_selection_consensus
consensus_locked_500_cpg	500	393	260384	cg16616514	15	394.8	fold_selection_consensus
consensus_locked_500_cpg	500	394	192390	cg12060422	15	396.2	fold_selection_consensus
consensus_locked_500_cpg	500	395	145263	cg08822602	15	397.73333333333335	fold_selection_consensus
consensus_locked_500_cpg	500	396	337031	cg22348992	15	398.0	fold_selection_consensus
consensus_locked_500_cpg	500	397	72973	cg04246763	15	399.53333333333336	fold_selection_consensus
consensus_locked_500_cpg	500	398	187562	cg11733272	15	399.8666666666667	fold_selection_consensus
consensus_locked_500_cpg	500	399	360103	cg24033633	15	402.0	fold_selection_consensus
consensus_locked_500_cpg	500	400	21751	cg01207684	15	402.2	fold_selection_consensus
consensus_locked_500_cpg	500	401	348179	cg23179456	15	403.06666666666666	fold_selection_consensus
consensus_locked_500_cpg	500	402	377304	cg25284397	15	405.73333333333335	fold_selection_consensus
consensus_locked_500_cpg	500	403	287600	cg18576957	15	406.2	fold_selection_consensus
consensus_locked_500_cpg	500	404	385214	cg25885280	15	407.4	fold_selection_consensus
consensus_locked_500_cpg	500	405	223380	cg14120049	15	408.73333333333335	fold_selection_consensus
consensus_locked_500_cpg	500	406	273256	cg17526573	15	409.3333333333333	fold_selection_consensus
consensus_locked_500_cpg	500	407	84736	cg04970570	15	409.6	fold_selection_consensus
consensus_locked_500_cpg	500	408	393515	cg26465389	15	409.73333333333335	fold_selection_consensus
consensus_locked_500_cpg	500	409	341817	cg22723502	15	410.06666666666666	fold_selection_consensus
consensus_locked_500_cpg	500	410	365652	cg24441810	15	410.8666666666667	fold_selection_consensus
consensus_locked_500_cpg	500	411	198803	cg12526923	15	411.1333333333333	fold_selection_consensus
consensus_locked_500_cpg	500	412	298506	cg19414598	15	411.93333333333334	fold_selection_consensus
consensus_locked_500_cpg	500	413	235190	cg14825735	15	412.46666666666664	fold_selection_consensus
consensus_locked_500_cpg	500	414	345795	cg23010538	15	412.8	fold_selection_consensus
consensus_locked_500_cpg	500	415	121550	cg07281370	15	414.3333333333333	fold_selection_consensus
consensus_locked_500_cpg	500	416	289782	cg18747742	15	415.93333333333334	fold_selection_consensus
consensus_locked_500_cpg	500	417	75269	cg04387835	15	416.2	fold_selection_consensus
consensus_locked_500_cpg	500	418	237279	cg14972210	15	417.46666666666664	fold_selection_consensus
consensus_locked_500_cpg	500	419	384526	cg25824828	15	418.6	fold_selection_consensus
consensus_locked_500_cpg	500	420	224736	cg14197503	15	419.06666666666666	fold_selection_consensus
consensus_locked_500_cpg	500	421	108327	cg06500727	15	421.93333333333334	fold_selection_consensus
consensus_locked_500_cpg	500	422	134825	cg08135406	15	426.0	fold_selection_consensus
consensus_locked_500_cpg	500	423	268420	cg17187762	15	426.6	fold_selection_consensus
consensus_locked_500_cpg	500	424	332579	cg21983484	15	426.93333333333334	fold_selection_consensus
consensus_locked_500_cpg	500	425	172708	cg10665891	15	428.0	fold_selection_consensus
consensus_locked_500_cpg	500	426	237375	cg14979301	15	428.0	fold_selection_consensus
consensus_locked_500_cpg	500	427	144681	cg08782022	15	428.46666666666664	fold_selection_consensus
consensus_locked_500_cpg	500	428	287471	cg18567924	15	428.6	fold_selection_consensus
consensus_locked_500_cpg	500	429	221114	cg13995599	15	430.3333333333333	fold_selection_consensus
consensus_locked_500_cpg	500	430	146647	cg08901662	15	431.1333333333333	fold_selection_consensus
consensus_locked_500_cpg	500	431	176895	cg10967023	15	431.53333333333336	fold_selection_consensus
consensus_locked_500_cpg	500	432	349078	cg23238315	15	432.53333333333336	fold_selection_consensus
consensus_locked_500_cpg	500	433	272411	cg17472800	15	434.8666666666667	fold_selection_consensus
consensus_locked_500_cpg	500	434	47700	cg02734505	15	435.06666666666666	fold_selection_consensus
consensus_locked_500_cpg	500	435	366513	cg24504927	15	435.6	fold_selection_consensus
consensus_locked_500_cpg	500	436	212275	cg13495205	15	435.6666666666667	fold_selection_consensus
consensus_locked_500_cpg	500	437	198663	cg12515659	15	435.93333333333334	fold_selection_consensus
consensus_locked_500_cpg	500	438	140079	cg08474164	15	438.26666666666665	fold_selection_consensus
consensus_locked_500_cpg	500	439	209785	cg13356896	15	439.0	fold_selection_consensus
consensus_locked_500_cpg	500	440	167684	cg10326726	15	440.93333333333334	fold_selection_consensus
consensus_locked_500_cpg	500	441	233444	cg14699728	15	441.46666666666664	fold_selection_consensus
consensus_locked_500_cpg	500	442	356842	cg23807071	15	441.6	fold_selection_consensus
consensus_locked_500_cpg	500	443	217682	cg13800209	15	443.4	fold_selection_consensus
consensus_locked_500_cpg	500	444	290308	cg18782604	15	445.2	fold_selection_consensus
consensus_locked_500_cpg	500	445	301361	cg19619405	15	445.6666666666667	fold_selection_consensus
consensus_locked_500_cpg	500	446	320460	cg21049501	15	450.2	fold_selection_consensus
consensus_locked_500_cpg	500	447	156033	cg09543819	15	450.6	fold_selection_consensus
consensus_locked_500_cpg	500	448	167312	cg10304637	15	450.93333333333334	fold_selection_consensus
consensus_locked_500_cpg	500	449	178776	cg11104088	15	452.0	fold_selection_consensus
consensus_locked_500_cpg	500	450	370910	cg24810735	15	452.1333333333333	fold_selection_consensus
consensus_locked_500_cpg	500	451	16471	cg00912746	15	452.8	fold_selection_consensus
consensus_locked_500_cpg	500	452	107347	cg06436185	15	456.46666666666664	fold_selection_consensus
consensus_locked_500_cpg	500	453	285649	cg18438793	15	456.8666666666667	fold_selection_consensus
consensus_locked_500_cpg	500	454	134917	cg08141395	15	457.6666666666667	fold_selection_consensus
consensus_locked_500_cpg	500	455	196796	cg12387154	15	457.8	fold_selection_consensus
consensus_locked_500_cpg	500	456	179344	cg11146691	15	459.0	fold_selection_consensus
consensus_locked_500_cpg	500	457	152223	cg09287864	15	460.6666666666667	fold_selection_consensus
consensus_locked_500_cpg	500	458	260454	cg16620382	15	460.93333333333334	fold_selection_consensus
consensus_locked_500_cpg	500	459	364645	cg24368848	15	463.2	fold_selection_consensus
consensus_locked_500_cpg	500	460	400323	cg26924392	15	463.46666666666664	fold_selection_consensus
consensus_locked_500_cpg	500	461	45092	cg02583618	15	463.53333333333336	fold_selection_consensus
consensus_locked_500_cpg	500	462	221996	cg14040131	15	463.8	fold_selection_consensus
consensus_locked_500_cpg	500	463	151421	cg09238049	15	466.26666666666665	fold_selection_consensus
consensus_locked_500_cpg	500	464	391473	cg26328335	15	472.6	fold_selection_consensus
consensus_locked_500_cpg	500	465	87195	cg05127821	15	472.73333333333335	fold_selection_consensus
consensus_locked_500_cpg	500	466	234329	cg14766621	14	447.92857142857144	fold_selection_consensus
consensus_locked_500_cpg	500	467	221551	cg14018024	14	448.07142857142856	fold_selection_consensus
consensus_locked_500_cpg	500	468	61078	cg03532030	14	448.7142857142857	fold_selection_consensus
consensus_locked_500_cpg	500	469	60750	cg03514404	14	449.64285714285717	fold_selection_consensus
consensus_locked_500_cpg	500	470	245310	cg15577272	14	469.7142857142857	fold_selection_consensus
consensus_locked_500_cpg	500	471	308805	cg20141578	14	478.92857142857144	fold_selection_consensus
consensus_locked_500_cpg	500	472	385516	cg25916282	14	479.85714285714283	fold_selection_consensus
consensus_locked_500_cpg	500	473	356147	cg23739746	14	480.0	fold_selection_consensus
consensus_locked_500_cpg	500	474	311323	cg20341504	14	482.64285714285717	fold_selection_consensus
consensus_locked_500_cpg	500	475	303425	cg19758173	14	482.7857142857143	fold_selection_consensus
consensus_locked_500_cpg	500	476	167189	cg10294939	13	440.2307692307692	fold_selection_consensus
consensus_locked_500_cpg	500	477	93709	cg05529816	13	473.2307692307692	fold_selection_consensus
consensus_locked_500_cpg	500	478	310600	cg20286956	13	484.6923076923077	fold_selection_consensus
consensus_locked_500_cpg	500	479	241	cg00011616	13	486.61538461538464	fold_selection_consensus
consensus_locked_500_cpg	500	480	280680	cg18096251	12	471.8333333333333	fold_selection_consensus
consensus_locked_500_cpg	500	481	208695	cg13279926	12	472.4166666666667	fold_selection_consensus
consensus_locked_500_cpg	500	482	266137	cg17029019	12	473.3333333333333	fold_selection_consensus
consensus_locked_500_cpg	500	483	257689	cg16440561	12	476.5	fold_selection_consensus
consensus_locked_500_cpg	500	484	194801	cg12222949	12	482.0	fold_selection_consensus
consensus_locked_500_cpg	500	485	119174	cg07141605	11	476.45454545454544	fold_selection_consensus
consensus_locked_500_cpg	500	486	344463	cg22914338	11	476.90909090909093	fold_selection_consensus
consensus_locked_500_cpg	500	487	56131	cg03232056	11	477.45454545454544	fold_selection_consensus
consensus_locked_500_cpg	500	488	60533	cg03502002	11	483.09090909090907	fold_selection_consensus
consensus_locked_500_cpg	500	489	45065	cg02582848	10	479.5	fold_selection_consensus
consensus_locked_500_cpg	500	490	255746	cg16316624	10	479.6	fold_selection_consensus
consensus_locked_500_cpg	500	491	376616	cg25225379	10	482.5	fold_selection_consensus
consensus_locked_500_cpg	500	492	372475	cg24922129	10	483.9	fold_selection_consensus
consensus_locked_500_cpg	500	493	343493	cg22848598	10	486.0	fold_selection_consensus
consensus_locked_500_cpg	500	494	289138	cg18700133	10	489.2	fold_selection_consensus
consensus_locked_500_cpg	500	495	281428	cg18141400	9	452.55555555555554	fold_selection_consensus
consensus_locked_500_cpg	500	496	272880	cg17504394	8	485.75	fold_selection_consensus
consensus_locked_500_cpg	500	497	68858	cg04004158	8	485.875	fold_selection_consensus
consensus_locked_500_cpg	500	498	118591	cg07110405	8	487.125	fold_selection_consensus
consensus_locked_500_cpg	500	499	377950	cg25334934	7	485.42857142857144	fold_selection_consensus
consensus_locked_500_cpg	500	500	98232	cg05833351	7	488.14285714285717	fold_selection_consensus
consensus_locked_1000_cpg	1000	1	346550	cg23057992	15	1.0	fold_selection_consensus
consensus_locked_1000_cpg	1000	2	260207	cg16602369	15	2.2666666666666666	fold_selection_consensus
consensus_locked_1000_cpg	1000	3	347040	cg23091104	15	2.7333333333333334	fold_selection_consensus
consensus_locked_1000_cpg	1000	4	78288	cg04571941	15	4.0	fold_selection_consensus
consensus_locked_1000_cpg	1000	5	171082	cg10554839	15	5.0	fold_selection_consensus
consensus_locked_1000_cpg	1000	6	187307	cg11717189	15	6.0	fold_selection_consensus
consensus_locked_1000_cpg	1000	7	289190	cg18703601	15	7.0	fold_selection_consensus
consensus_locked_1000_cpg	1000	8	327426	cg21577651	15	8.0	fold_selection_consensus
consensus_locked_1000_cpg	1000	9	68608	cg03990436	15	9.0	fold_selection_consensus
consensus_locked_1000_cpg	1000	10	118926	cg07129523	15	10.0	fold_selection_consensus
consensus_locked_1000_cpg	1000	11	340385	cg22621695	15	11.0	fold_selection_consensus
consensus_locked_1000_cpg	1000	12	22660	cg01263942	15	12.0	fold_selection_consensus
consensus_locked_1000_cpg	1000	13	208895	cg13294849	15	13.0	fold_selection_consensus
consensus_locked_1000_cpg	1000	14	203968	cg12911732	15	15.0	fold_selection_consensus
consensus_locked_1000_cpg	1000	15	233397	cg14696311	15	16.266666666666666	fold_selection_consensus
consensus_locked_1000_cpg	1000	16	168934	cg10416814	15	16.333333333333332	fold_selection_consensus
consensus_locked_1000_cpg	1000	17	105579	cg06315390	15	16.666666666666668	fold_selection_consensus
consensus_locked_1000_cpg	1000	18	148954	cg09068128	15	17.2	fold_selection_consensus
consensus_locked_1000_cpg	1000	19	374982	cg25105522	15	17.533333333333335	fold_selection_consensus
consensus_locked_1000_cpg	1000	20	141968	cg08599635	15	20.6	fold_selection_consensus
consensus_locked_1000_cpg	1000	21	191758	cg12019614	15	20.666666666666668	fold_selection_consensus
consensus_locked_1000_cpg	1000	22	104377	cg06223834	15	22.466666666666665	fold_selection_consensus
consensus_locked_1000_cpg	1000	23	31093	cg01774894	15	23.733333333333334	fold_selection_consensus
consensus_locked_1000_cpg	1000	24	275943	cg17754510	15	23.933333333333334	fold_selection_consensus
consensus_locked_1000_cpg	1000	25	308283	cg20100745	15	24.8	fold_selection_consensus
consensus_locked_1000_cpg	1000	26	186011	cg11630939	15	26.466666666666665	fold_selection_consensus
consensus_locked_1000_cpg	1000	27	386920	cg26014538	15	26.666666666666668	fold_selection_consensus
consensus_locked_1000_cpg	1000	28	271013	cg17375167	15	27.066666666666666	fold_selection_consensus
consensus_locked_1000_cpg	1000	29	405063	cg27260772	15	28.866666666666667	fold_selection_consensus
consensus_locked_1000_cpg	1000	30	306745	cg19980771	15	30.533333333333335	fold_selection_consensus
consensus_locked_1000_cpg	1000	31	22380	cg01246520	15	31.0	fold_selection_consensus
consensus_locked_1000_cpg	1000	32	313888	cg20545544	15	32.53333333333333	fold_selection_consensus
consensus_locked_1000_cpg	1000	33	383249	cg25731211	15	32.6	fold_selection_consensus
consensus_locked_1000_cpg	1000	34	95529	cg05651243	15	33.666666666666664	fold_selection_consensus
consensus_locked_1000_cpg	1000	35	399388	cg26864905	15	34.4	fold_selection_consensus
consensus_locked_1000_cpg	1000	36	331387	cg21887193	15	36.2	fold_selection_consensus
consensus_locked_1000_cpg	1000	37	200991	cg12680131	15	37.53333333333333	fold_selection_consensus
consensus_locked_1000_cpg	1000	38	12017	cg00660167	15	38.4	fold_selection_consensus
consensus_locked_1000_cpg	1000	39	334934	cg22169990	15	39.06666666666667	fold_selection_consensus
consensus_locked_1000_cpg	1000	40	35622	cg02027945	15	40.13333333333333	fold_selection_consensus
consensus_locked_1000_cpg	1000	41	7798	cg00428457	15	42.06666666666667	fold_selection_consensus
consensus_locked_1000_cpg	1000	42	29564	cg01680010	15	42.46666666666667	fold_selection_consensus
consensus_locked_1000_cpg	1000	43	13943	cg00768487	15	43.46666666666667	fold_selection_consensus
consensus_locked_1000_cpg	1000	44	191696	cg12014181	15	44.333333333333336	fold_selection_consensus
consensus_locked_1000_cpg	1000	45	214894	cg13641185	15	44.93333333333333	fold_selection_consensus
consensus_locked_1000_cpg	1000	46	63794	cg03692651	15	45.333333333333336	fold_selection_consensus
consensus_locked_1000_cpg	1000	47	243293	cg15425541	15	46.13333333333333	fold_selection_consensus
consensus_locked_1000_cpg	1000	48	16338	cg00907288	15	47.333333333333336	fold_selection_consensus
consensus_locked_1000_cpg	1000	49	260858	cg16647921	15	48.53333333333333	fold_selection_consensus
consensus_locked_1000_cpg	1000	50	370969	cg24816460	15	50.93333333333333	fold_selection_consensus
consensus_locked_1000_cpg	1000	51	399291	cg26858540	15	51.46666666666667	fold_selection_consensus
consensus_locked_1000_cpg	1000	52	409942	cg27592331	15	52.6	fold_selection_consensus
consensus_locked_1000_cpg	1000	53	29590	cg01682111	15	53.266666666666666	fold_selection_consensus
consensus_locked_1000_cpg	1000	54	170155	cg10501210	15	54.266666666666666	fold_selection_consensus
consensus_locked_1000_cpg	1000	55	318783	cg20928945	15	55.333333333333336	fold_selection_consensus
consensus_locked_1000_cpg	1000	56	200129	cg12619262	15	55.4	fold_selection_consensus
consensus_locked_1000_cpg	1000	57	234371	cg14769786	15	57.4	fold_selection_consensus
consensus_locked_1000_cpg	1000	58	189635	cg11862144	15	57.93333333333333	fold_selection_consensus
consensus_locked_1000_cpg	1000	59	219002	cg13879483	15	58.06666666666667	fold_selection_consensus
consensus_locked_1000_cpg	1000	60	192584	cg12072262	15	60.733333333333334	fold_selection_consensus
consensus_locked_1000_cpg	1000	61	48380	cg02772121	15	61.06666666666667	fold_selection_consensus
consensus_locked_1000_cpg	1000	62	342028	cg22740796	15	61.06666666666667	fold_selection_consensus
consensus_locked_1000_cpg	1000	63	361858	cg24150623	15	62.46666666666667	fold_selection_consensus
consensus_locked_1000_cpg	1000	64	402753	cg27091865	15	66.4	fold_selection_consensus
consensus_locked_1000_cpg	1000	65	299478	cg19486070	15	67.0	fold_selection_consensus
consensus_locked_1000_cpg	1000	66	244294	cg15497761	15	67.8	fold_selection_consensus
consensus_locked_1000_cpg	1000	67	35963	cg02048922	15	67.93333333333334	fold_selection_consensus
consensus_locked_1000_cpg	1000	68	225960	cg14262681	15	69.26666666666667	fold_selection_consensus
consensus_locked_1000_cpg	1000	69	325355	cg21428990	15	70.2	fold_selection_consensus
consensus_locked_1000_cpg	1000	70	114699	cg06879394	15	70.46666666666667	fold_selection_consensus
consensus_locked_1000_cpg	1000	71	230011	cg14500486	15	70.86666666666666	fold_selection_consensus
consensus_locked_1000_cpg	1000	72	345450	cg22986569	15	71.26666666666667	fold_selection_consensus
consensus_locked_1000_cpg	1000	73	56770	cg03274456	15	72.06666666666666	fold_selection_consensus
consensus_locked_1000_cpg	1000	74	80839	cg04737131	15	72.73333333333333	fold_selection_consensus
consensus_locked_1000_cpg	1000	75	34552	cg01965874	15	74.6	fold_selection_consensus
consensus_locked_1000_cpg	1000	76	138395	cg08360726	15	76.86666666666666	fold_selection_consensus
consensus_locked_1000_cpg	1000	77	355733	cg23709617	15	77.86666666666666	fold_selection_consensus
consensus_locked_1000_cpg	1000	78	293509	cg19022006	15	78.0	fold_selection_consensus
consensus_locked_1000_cpg	1000	79	278604	cg17945789	15	78.8	fold_selection_consensus
consensus_locked_1000_cpg	1000	80	407681	cg27436995	15	80.0	fold_selection_consensus
consensus_locked_1000_cpg	1000	81	281106	cg18121066	15	82.13333333333334	fold_selection_consensus
consensus_locked_1000_cpg	1000	82	189179	cg11837293	15	82.46666666666667	fold_selection_consensus
consensus_locked_1000_cpg	1000	83	386845	cg26010218	15	82.86666666666666	fold_selection_consensus
consensus_locked_1000_cpg	1000	84	159693	cg09798888	15	84.0	fold_selection_consensus
consensus_locked_1000_cpg	1000	85	147396	cg08954277	15	84.66666666666667	fold_selection_consensus
consensus_locked_1000_cpg	1000	86	233675	cg14715697	15	85.2	fold_selection_consensus
consensus_locked_1000_cpg	1000	87	269036	cg17233090	15	86.8	fold_selection_consensus
consensus_locked_1000_cpg	1000	88	100018	cg05940691	15	87.26666666666667	fold_selection_consensus
consensus_locked_1000_cpg	1000	89	121060	cg07248223	15	87.46666666666667	fold_selection_consensus
consensus_locked_1000_cpg	1000	90	337961	cg22425474	15	88.33333333333333	fold_selection_consensus
consensus_locked_1000_cpg	1000	91	402462	cg27071152	15	89.73333333333333	fold_selection_consensus
consensus_locked_1000_cpg	1000	92	119600	cg07162000	15	90.8	fold_selection_consensus
consensus_locked_1000_cpg	1000	93	35581	cg02025737	15	92.53333333333333	fold_selection_consensus
consensus_locked_1000_cpg	1000	94	16800	cg00931644	15	94.66666666666667	fold_selection_consensus
consensus_locked_1000_cpg	1000	95	292290	cg18924324	15	95.0	fold_selection_consensus
consensus_locked_1000_cpg	1000	96	43409	cg02486253	15	95.73333333333333	fold_selection_consensus
consensus_locked_1000_cpg	1000	97	337714	cg22399133	15	98.53333333333333	fold_selection_consensus
consensus_locked_1000_cpg	1000	98	236748	cg14931854	15	101.93333333333334	fold_selection_consensus
consensus_locked_1000_cpg	1000	99	28741	cg01623261	15	102.26666666666667	fold_selection_consensus
consensus_locked_1000_cpg	1000	100	386686	cg25999637	15	102.93333333333334	fold_selection_consensus
consensus_locked_1000_cpg	1000	101	348343	cg23192683	15	103.2	fold_selection_consensus
consensus_locked_1000_cpg	1000	102	116294	cg06972969	15	104.2	fold_selection_consensus
consensus_locked_1000_cpg	1000	103	372778	cg24940967	15	104.8	fold_selection_consensus
consensus_locked_1000_cpg	1000	104	120943	cg07240413	15	104.86666666666666	fold_selection_consensus
consensus_locked_1000_cpg	1000	105	197978	cg12468255	15	105.13333333333334	fold_selection_consensus
consensus_locked_1000_cpg	1000	106	75975	cg04428071	15	105.53333333333333	fold_selection_consensus
consensus_locked_1000_cpg	1000	107	263368	cg16810279	15	105.6	fold_selection_consensus
consensus_locked_1000_cpg	1000	108	54500	cg03132824	15	106.2	fold_selection_consensus
consensus_locked_1000_cpg	1000	109	274431	cg17627629	15	107.06666666666666	fold_selection_consensus
consensus_locked_1000_cpg	1000	110	351371	cg23398076	15	107.2	fold_selection_consensus
consensus_locked_1000_cpg	1000	111	374484	cg25066665	15	109.13333333333334	fold_selection_consensus
consensus_locked_1000_cpg	1000	112	117427	cg07041999	15	110.4	fold_selection_consensus
consensus_locked_1000_cpg	1000	113	39531	cg02261899	15	111.0	fold_selection_consensus
consensus_locked_1000_cpg	1000	114	184620	cg11526413	15	113.46666666666667	fold_selection_consensus
consensus_locked_1000_cpg	1000	115	49383	cg02837536	15	114.53333333333333	fold_selection_consensus
consensus_locked_1000_cpg	1000	116	176343	cg10928544	15	115.73333333333333	fold_selection_consensus
consensus_locked_1000_cpg	1000	117	138779	cg08387538	15	118.73333333333333	fold_selection_consensus
consensus_locked_1000_cpg	1000	118	386849	cg26010734	15	120.06666666666666	fold_selection_consensus
consensus_locked_1000_cpg	1000	119	348680	cg23211949	15	121.13333333333334	fold_selection_consensus
consensus_locked_1000_cpg	1000	120	285830	cg18450582	15	121.26666666666667	fold_selection_consensus
consensus_locked_1000_cpg	1000	121	81347	cg04769798	15	121.33333333333333	fold_selection_consensus
consensus_locked_1000_cpg	1000	122	39388	cg02253760	15	122.06666666666666	fold_selection_consensus
consensus_locked_1000_cpg	1000	123	134599	cg08123444	15	123.86666666666666	fold_selection_consensus
consensus_locked_1000_cpg	1000	124	312623	cg20446334	15	125.26666666666667	fold_selection_consensus
consensus_locked_1000_cpg	1000	125	297606	cg19351954	15	125.93333333333334	fold_selection_consensus
consensus_locked_1000_cpg	1000	126	369342	cg24702147	15	126.2	fold_selection_consensus
consensus_locked_1000_cpg	1000	127	220218	cg13944468	15	126.8	fold_selection_consensus
consensus_locked_1000_cpg	1000	128	111541	cg06699564	15	127.93333333333334	fold_selection_consensus
consensus_locked_1000_cpg	1000	129	346832	cg23076870	15	129.33333333333334	fold_selection_consensus
consensus_locked_1000_cpg	1000	130	183747	cg11452329	15	129.53333333333333	fold_selection_consensus
consensus_locked_1000_cpg	1000	131	372067	cg24888257	15	130.06666666666666	fold_selection_consensus
consensus_locked_1000_cpg	1000	132	285928	cg18456523	15	130.8	fold_selection_consensus
consensus_locked_1000_cpg	1000	133	285514	cg18430555	15	133.0	fold_selection_consensus
consensus_locked_1000_cpg	1000	134	399575	cg26876834	15	134.2	fold_selection_consensus
consensus_locked_1000_cpg	1000	135	95247	cg05633523	15	135.0	fold_selection_consensus
consensus_locked_1000_cpg	1000	136	129785	cg07813142	15	135.73333333333332	fold_selection_consensus
consensus_locked_1000_cpg	1000	137	197501	cg12436377	15	136.66666666666666	fold_selection_consensus
consensus_locked_1000_cpg	1000	138	87432	cg05140257	15	137.53333333333333	fold_selection_consensus
consensus_locked_1000_cpg	1000	139	28681	cg01620164	15	139.4	fold_selection_consensus
consensus_locked_1000_cpg	1000	140	408935	cg27527630	15	141.46666666666667	fold_selection_consensus
consensus_locked_1000_cpg	1000	141	145095	cg08812108	15	141.66666666666666	fold_selection_consensus
consensus_locked_1000_cpg	1000	142	350028	cg23298862	15	141.86666666666667	fold_selection_consensus
consensus_locked_1000_cpg	1000	143	290657	cg18805164	15	142.06666666666666	fold_selection_consensus
consensus_locked_1000_cpg	1000	144	320615	cg21063722	15	143.6	fold_selection_consensus
consensus_locked_1000_cpg	1000	145	129477	cg07795766	15	144.13333333333333	fold_selection_consensus
consensus_locked_1000_cpg	1000	146	254116	cg16208084	15	144.93333333333334	fold_selection_consensus
consensus_locked_1000_cpg	1000	147	92849	cg05477457	15	146.0	fold_selection_consensus
consensus_locked_1000_cpg	1000	148	371690	cg24866923	15	147.2	fold_selection_consensus
consensus_locked_1000_cpg	1000	149	386037	cg25950625	15	149.4	fold_selection_consensus
consensus_locked_1000_cpg	1000	150	343983	cg22877570	15	150.66666666666666	fold_selection_consensus
consensus_locked_1000_cpg	1000	151	286899	cg18525352	15	151.86666666666667	fold_selection_consensus
consensus_locked_1000_cpg	1000	152	256853	cg16389901	15	152.06666666666666	fold_selection_consensus
consensus_locked_1000_cpg	1000	153	142346	cg08624648	15	154.8	fold_selection_consensus
consensus_locked_1000_cpg	1000	154	84080	cg04927931	15	154.93333333333334	fold_selection_consensus
consensus_locked_1000_cpg	1000	155	47408	cg02716776	15	157.06666666666666	fold_selection_consensus
consensus_locked_1000_cpg	1000	156	104868	cg06260815	15	157.8	fold_selection_consensus
consensus_locked_1000_cpg	1000	157	410171	cg27610821	15	157.8	fold_selection_consensus
consensus_locked_1000_cpg	1000	158	53544	cg03070236	15	159.0	fold_selection_consensus
consensus_locked_1000_cpg	1000	159	240923	cg15232539	15	159.6	fold_selection_consensus
consensus_locked_1000_cpg	1000	160	38562	cg02202923	15	160.86666666666667	fold_selection_consensus
consensus_locked_1000_cpg	1000	161	356247	cg23749482	15	160.86666666666667	fold_selection_consensus
consensus_locked_1000_cpg	1000	162	283052	cg18249580	15	161.33333333333334	fold_selection_consensus
consensus_locked_1000_cpg	1000	163	311951	cg20391567	15	163.26666666666668	fold_selection_consensus
consensus_locked_1000_cpg	1000	164	88009	cg05173913	15	164.93333333333334	fold_selection_consensus
consensus_locked_1000_cpg	1000	165	62232	cg03596016	15	165.0	fold_selection_consensus
consensus_locked_1000_cpg	1000	166	371009	cg24820672	15	165.46666666666667	fold_selection_consensus
consensus_locked_1000_cpg	1000	167	217378	cg13784312	15	166.26666666666668	fold_selection_consensus
consensus_locked_1000_cpg	1000	168	349184	cg23244022	15	167.4	fold_selection_consensus
consensus_locked_1000_cpg	1000	169	300778	cg19579500	15	167.93333333333334	fold_selection_consensus
consensus_locked_1000_cpg	1000	170	283054	cg18249634	15	168.2	fold_selection_consensus
consensus_locked_1000_cpg	1000	171	358768	cg23947326	15	168.33333333333334	fold_selection_consensus
consensus_locked_1000_cpg	1000	172	222535	cg14072016	15	168.6	fold_selection_consensus
consensus_locked_1000_cpg	1000	173	146182	cg08875705	15	172.26666666666668	fold_selection_consensus
consensus_locked_1000_cpg	1000	174	65993	cg03826594	15	173.33333333333334	fold_selection_consensus
consensus_locked_1000_cpg	1000	175	184413	cg11510586	15	174.33333333333334	fold_selection_consensus
consensus_locked_1000_cpg	1000	176	391603	cg26335251	15	176.2	fold_selection_consensus
consensus_locked_1000_cpg	1000	177	395954	cg26635219	15	177.0	fold_selection_consensus
consensus_locked_1000_cpg	1000	178	79282	cg04635642	15	178.26666666666668	fold_selection_consensus
consensus_locked_1000_cpg	1000	179	19432	cg01074657	15	179.73333333333332	fold_selection_consensus
consensus_locked_1000_cpg	1000	180	149960	cg09139047	15	181.93333333333334	fold_selection_consensus
consensus_locked_1000_cpg	1000	181	218245	cg13832669	15	185.53333333333333	fold_selection_consensus
consensus_locked_1000_cpg	1000	182	53463	cg03065447	15	185.8	fold_selection_consensus
consensus_locked_1000_cpg	1000	183	187649	cg11738485	15	186.8	fold_selection_consensus
consensus_locked_1000_cpg	1000	184	193556	cg12134633	15	186.8	fold_selection_consensus
consensus_locked_1000_cpg	1000	185	176026	cg10903903	15	187.66666666666666	fold_selection_consensus
consensus_locked_1000_cpg	1000	186	2444	cg00123762	15	188.33333333333334	fold_selection_consensus
consensus_locked_1000_cpg	1000	187	264377	cg16896868	15	188.73333333333332	fold_selection_consensus
consensus_locked_1000_cpg	1000	188	373784	cg25017223	15	188.86666666666667	fold_selection_consensus
consensus_locked_1000_cpg	1000	189	14115	cg00778807	15	189.13333333333333	fold_selection_consensus
consensus_locked_1000_cpg	1000	190	223345	cg14118515	15	189.13333333333333	fold_selection_consensus
consensus_locked_1000_cpg	1000	191	312421	cg20431191	15	189.86666666666667	fold_selection_consensus
consensus_locked_1000_cpg	1000	192	384793	cg25844605	15	190.13333333333333	fold_selection_consensus
consensus_locked_1000_cpg	1000	193	384342	cg25810792	15	191.06666666666666	fold_selection_consensus
consensus_locked_1000_cpg	1000	194	151319	cg09232555	15	191.13333333333333	fold_selection_consensus
consensus_locked_1000_cpg	1000	195	402841	cg27097992	15	191.86666666666667	fold_selection_consensus
consensus_locked_1000_cpg	1000	196	12408	cg00683332	15	192.13333333333333	fold_selection_consensus
consensus_locked_1000_cpg	1000	197	232031	cg14608581	15	194.06666666666666	fold_selection_consensus
consensus_locked_1000_cpg	1000	198	34727	cg01974091	15	195.53333333333333	fold_selection_consensus
consensus_locked_1000_cpg	1000	199	260782	cg16642284	15	196.53333333333333	fold_selection_consensus
consensus_locked_1000_cpg	1000	200	380882	cg25553466	15	197.93333333333334	fold_selection_consensus
consensus_locked_1000_cpg	1000	201	236177	cg14891195	15	200.86666666666667	fold_selection_consensus
consensus_locked_1000_cpg	1000	202	250455	cg15940337	15	203.66666666666666	fold_selection_consensus
consensus_locked_1000_cpg	1000	203	254751	cg16252110	15	205.73333333333332	fold_selection_consensus
consensus_locked_1000_cpg	1000	204	132936	cg08018585	15	206.93333333333334	fold_selection_consensus
consensus_locked_1000_cpg	1000	205	229984	cg14498592	15	207.33333333333334	fold_selection_consensus
consensus_locked_1000_cpg	1000	206	236749	cg14931884	15	207.4	fold_selection_consensus
consensus_locked_1000_cpg	1000	207	370494	cg24779941	15	207.53333333333333	fold_selection_consensus
consensus_locked_1000_cpg	1000	208	295579	cg19192280	15	210.93333333333334	fold_selection_consensus
consensus_locked_1000_cpg	1000	209	326623	cg21523564	15	210.93333333333334	fold_selection_consensus
consensus_locked_1000_cpg	1000	210	389712	cg26210445	15	212.53333333333333	fold_selection_consensus
consensus_locked_1000_cpg	1000	211	189982	cg11887532	15	213.66666666666666	fold_selection_consensus
consensus_locked_1000_cpg	1000	212	263988	cg16865446	15	215.0	fold_selection_consensus
consensus_locked_1000_cpg	1000	213	248333	cg15788369	15	216.4	fold_selection_consensus
consensus_locked_1000_cpg	1000	214	225919	cg14260083	15	217.46666666666667	fold_selection_consensus
consensus_locked_1000_cpg	1000	215	360772	cg24077454	15	219.0	fold_selection_consensus
consensus_locked_1000_cpg	1000	216	379024	cg25407979	15	219.26666666666668	fold_selection_consensus
consensus_locked_1000_cpg	1000	217	344838	cg22943986	15	220.06666666666666	fold_selection_consensus
consensus_locked_1000_cpg	1000	218	303534	cg19764370	15	220.2	fold_selection_consensus
consensus_locked_1000_cpg	1000	219	306271	cg19945931	15	222.13333333333333	fold_selection_consensus
consensus_locked_1000_cpg	1000	220	176750	cg10956848	15	222.6	fold_selection_consensus
consensus_locked_1000_cpg	1000	221	320320	cg21039708	15	223.0	fold_selection_consensus
consensus_locked_1000_cpg	1000	222	219114	cg13885357	15	226.46666666666667	fold_selection_consensus
consensus_locked_1000_cpg	1000	223	278203	cg17919152	15	226.8	fold_selection_consensus
consensus_locked_1000_cpg	1000	224	387451	cg26056277	15	227.66666666666666	fold_selection_consensus
consensus_locked_1000_cpg	1000	225	46617	cg02670123	15	227.8	fold_selection_consensus
consensus_locked_1000_cpg	1000	226	197986	cg12468774	15	229.0	fold_selection_consensus
consensus_locked_1000_cpg	1000	227	110455	cg06633438	15	229.86666666666667	fold_selection_consensus
consensus_locked_1000_cpg	1000	228	197739	cg12451631	15	230.0	fold_selection_consensus
consensus_locked_1000_cpg	1000	229	198993	cg12542255	15	230.6	fold_selection_consensus
consensus_locked_1000_cpg	1000	230	76597	cg04470054	15	231.0	fold_selection_consensus
consensus_locked_1000_cpg	1000	231	215176	cg13656752	15	231.73333333333332	fold_selection_consensus
consensus_locked_1000_cpg	1000	232	197288	cg12422539	15	232.13333333333333	fold_selection_consensus
consensus_locked_1000_cpg	1000	233	321961	cg21163347	15	232.8	fold_selection_consensus
consensus_locked_1000_cpg	1000	234	184651	cg11528328	15	233.6	fold_selection_consensus
consensus_locked_1000_cpg	1000	235	62454	cg03607220	15	233.8	fold_selection_consensus
consensus_locked_1000_cpg	1000	236	166506	cg10244976	15	234.13333333333333	fold_selection_consensus
consensus_locked_1000_cpg	1000	237	86675	cg05090759	15	235.0	fold_selection_consensus
consensus_locked_1000_cpg	1000	238	43426	cg02486855	15	235.13333333333333	fold_selection_consensus
consensus_locked_1000_cpg	1000	239	335239	cg22198853	15	236.53333333333333	fold_selection_consensus
consensus_locked_1000_cpg	1000	240	337228	cg22365276	15	238.4	fold_selection_consensus
consensus_locked_1000_cpg	1000	241	204255	cg12934884	15	239.33333333333334	fold_selection_consensus
consensus_locked_1000_cpg	1000	242	78504	cg04583813	15	239.66666666666666	fold_selection_consensus
consensus_locked_1000_cpg	1000	243	367162	cg24545961	15	239.93333333333334	fold_selection_consensus
consensus_locked_1000_cpg	1000	244	271396	cg17402060	15	241.53333333333333	fold_selection_consensus
consensus_locked_1000_cpg	1000	245	216211	cg13712197	15	241.66666666666666	fold_selection_consensus
consensus_locked_1000_cpg	1000	246	120357	cg07205203	15	242.4	fold_selection_consensus
consensus_locked_1000_cpg	1000	247	200782	cg12662576	15	242.4	fold_selection_consensus
consensus_locked_1000_cpg	1000	248	112408	cg06752054	15	246.33333333333334	fold_selection_consensus
consensus_locked_1000_cpg	1000	249	112022	cg06728252	15	247.0	fold_selection_consensus
consensus_locked_1000_cpg	1000	250	91931	cg05408649	15	248.0	fold_selection_consensus
consensus_locked_1000_cpg	1000	251	151884	cg09265054	15	248.46666666666667	fold_selection_consensus
consensus_locked_1000_cpg	1000	252	303211	cg19744936	15	249.13333333333333	fold_selection_consensus
consensus_locked_1000_cpg	1000	253	235778	cg14861089	15	252.73333333333332	fold_selection_consensus
consensus_locked_1000_cpg	1000	254	342531	cg22784954	15	253.0	fold_selection_consensus
consensus_locked_1000_cpg	1000	255	11861	cg00650640	15	253.13333333333333	fold_selection_consensus
consensus_locked_1000_cpg	1000	256	18624	cg01030534	15	254.4	fold_selection_consensus
consensus_locked_1000_cpg	1000	257	277597	cg17870484	15	257.8	fold_selection_consensus
consensus_locked_1000_cpg	1000	258	118880	cg07126525	15	258.0	fold_selection_consensus
consensus_locked_1000_cpg	1000	259	215852	cg13692426	15	260.0	fold_selection_consensus
consensus_locked_1000_cpg	1000	260	30898	cg01764252	15	261.0	fold_selection_consensus
consensus_locked_1000_cpg	1000	261	275673	cg17735539	15	263.6	fold_selection_consensus
consensus_locked_1000_cpg	1000	262	104717	cg06248767	15	264.1333333333333	fold_selection_consensus
consensus_locked_1000_cpg	1000	263	337303	cg22369786	15	265.2	fold_selection_consensus
consensus_locked_1000_cpg	1000	264	94336	cg05575614	15	265.26666666666665	fold_selection_consensus
consensus_locked_1000_cpg	1000	265	345540	cg22992730	15	265.6666666666667	fold_selection_consensus
consensus_locked_1000_cpg	1000	266	182587	cg11367259	15	267.26666666666665	fold_selection_consensus
consensus_locked_1000_cpg	1000	267	367786	cg24595510	15	267.53333333333336	fold_selection_consensus
consensus_locked_1000_cpg	1000	268	88783	cg05224741	15	268.26666666666665	fold_selection_consensus
consensus_locked_1000_cpg	1000	269	83961	cg04921315	15	269.73333333333335	fold_selection_consensus
consensus_locked_1000_cpg	1000	270	69446	cg04039555	15	270.46666666666664	fold_selection_consensus
consensus_locked_1000_cpg	1000	271	232598	cg14644001	15	270.8666666666667	fold_selection_consensus
consensus_locked_1000_cpg	1000	272	208272	cg13248778	15	271.1333333333333	fold_selection_consensus
consensus_locked_1000_cpg	1000	273	385356	cg25900085	15	272.46666666666664	fold_selection_consensus
consensus_locked_1000_cpg	1000	274	146025	cg08866991	15	273.8	fold_selection_consensus
consensus_locked_1000_cpg	1000	275	278262	cg17924044	15	274.3333333333333	fold_selection_consensus
consensus_locked_1000_cpg	1000	276	352164	cg23460250	15	276.6666666666667	fold_selection_consensus
consensus_locked_1000_cpg	1000	277	333866	cg22084642	15	278.8	fold_selection_consensus
consensus_locked_1000_cpg	1000	278	154674	cg09450200	15	278.8666666666667	fold_selection_consensus
consensus_locked_1000_cpg	1000	279	297760	cg19362874	15	279.2	fold_selection_consensus
consensus_locked_1000_cpg	1000	280	133701	cg08070771	15	280.0	fold_selection_consensus
consensus_locked_1000_cpg	1000	281	100491	cg05968010	15	280.26666666666665	fold_selection_consensus
consensus_locked_1000_cpg	1000	282	39255	cg02246055	15	280.3333333333333	fold_selection_consensus
consensus_locked_1000_cpg	1000	283	126272	cg07585069	15	281.8	fold_selection_consensus
consensus_locked_1000_cpg	1000	284	246717	cg15673034	15	283.26666666666665	fold_selection_consensus
consensus_locked_1000_cpg	1000	285	383054	cg25718467	15	285.6	fold_selection_consensus
consensus_locked_1000_cpg	1000	286	268864	cg17219660	15	286.53333333333336	fold_selection_consensus
consensus_locked_1000_cpg	1000	287	63704	cg03686593	15	290.3333333333333	fold_selection_consensus
consensus_locked_1000_cpg	1000	288	233220	cg14684457	15	290.3333333333333	fold_selection_consensus
consensus_locked_1000_cpg	1000	289	44256	cg02535674	15	290.8	fold_selection_consensus
consensus_locked_1000_cpg	1000	290	251956	cg16047279	15	292.2	fold_selection_consensus
consensus_locked_1000_cpg	1000	291	387441	cg26055747	15	292.93333333333334	fold_selection_consensus
consensus_locked_1000_cpg	1000	292	233697	cg14716990	15	293.8666666666667	fold_selection_consensus
consensus_locked_1000_cpg	1000	293	199707	cg12593511	15	294.3333333333333	fold_selection_consensus
consensus_locked_1000_cpg	1000	294	206631	cg13125157	15	294.73333333333335	fold_selection_consensus
consensus_locked_1000_cpg	1000	295	224875	cg14204784	15	294.8666666666667	fold_selection_consensus
consensus_locked_1000_cpg	1000	296	366401	cg24496841	15	295.26666666666665	fold_selection_consensus
consensus_locked_1000_cpg	1000	297	324201	cg21322654	15	298.0	fold_selection_consensus
consensus_locked_1000_cpg	1000	298	392652	cg26402417	15	300.0	fold_selection_consensus
consensus_locked_1000_cpg	1000	299	182977	cg11395414	15	301.2	fold_selection_consensus
consensus_locked_1000_cpg	1000	300	224163	cg14166701	15	301.4	fold_selection_consensus
consensus_locked_1000_cpg	1000	301	174711	cg10810394	15	304.06666666666666	fold_selection_consensus
consensus_locked_1000_cpg	1000	302	222857	cg14089881	15	304.1333333333333	fold_selection_consensus
consensus_locked_1000_cpg	1000	303	253725	cg16179938	15	304.8	fold_selection_consensus
consensus_locked_1000_cpg	1000	304	409686	cg27576485	15	304.8666666666667	fold_selection_consensus
consensus_locked_1000_cpg	1000	305	101630	cg06041067	15	305.6666666666667	fold_selection_consensus
consensus_locked_1000_cpg	1000	306	190579	cg11934688	15	306.46666666666664	fold_selection_consensus
consensus_locked_1000_cpg	1000	307	174014	cg10767420	15	306.6	fold_selection_consensus
consensus_locked_1000_cpg	1000	308	365784	cg24452128	15	307.6	fold_selection_consensus
consensus_locked_1000_cpg	1000	309	386280	cg25968569	15	308.1333333333333	fold_selection_consensus
consensus_locked_1000_cpg	1000	310	127747	cg07681935	15	309.8666666666667	fold_selection_consensus
consensus_locked_1000_cpg	1000	311	137571	cg08304084	15	311.6666666666667	fold_selection_consensus
consensus_locked_1000_cpg	1000	312	177955	cg11041161	15	312.73333333333335	fold_selection_consensus
consensus_locked_1000_cpg	1000	313	129203	cg07778290	15	314.6666666666667	fold_selection_consensus
consensus_locked_1000_cpg	1000	314	400525	cg26937434	15	315.4	fold_selection_consensus
consensus_locked_1000_cpg	1000	315	347161	cg23097686	15	316.0	fold_selection_consensus
consensus_locked_1000_cpg	1000	316	142088	cg08609270	15	316.93333333333334	fold_selection_consensus
consensus_locked_1000_cpg	1000	317	22079	cg01227537	15	317.4	fold_selection_consensus
consensus_locked_1000_cpg	1000	318	308934	cg20151476	15	318.4	fold_selection_consensus
consensus_locked_1000_cpg	1000	319	281104	cg18121003	15	319.73333333333335	fold_selection_consensus
consensus_locked_1000_cpg	1000	320	388194	cg26107890	15	322.06666666666666	fold_selection_consensus
consensus_locked_1000_cpg	1000	321	141093	cg08539872	15	322.2	fold_selection_consensus
consensus_locked_1000_cpg	1000	322	113878	cg06833110	15	323.73333333333335	fold_selection_consensus
consensus_locked_1000_cpg	1000	323	149331	cg09094964	15	326.2	fold_selection_consensus
consensus_locked_1000_cpg	1000	324	23031	cg01288184	15	326.4	fold_selection_consensus
consensus_locked_1000_cpg	1000	325	318646	cg20916523	15	326.73333333333335	fold_selection_consensus
consensus_locked_1000_cpg	1000	326	23564	cg01316378	15	329.3333333333333	fold_selection_consensus
consensus_locked_1000_cpg	1000	327	359616	cg24000814	15	329.3333333333333	fold_selection_consensus
consensus_locked_1000_cpg	1000	328	381122	cg25570913	15	329.93333333333334	fold_selection_consensus
consensus_locked_1000_cpg	1000	329	127676	cg07676361	15	330.0	fold_selection_consensus
consensus_locked_1000_cpg	1000	330	278656	cg17949969	15	330.26666666666665	fold_selection_consensus
consensus_locked_1000_cpg	1000	331	287738	cg18586886	15	332.2	fold_selection_consensus
consensus_locked_1000_cpg	1000	332	45967	cg02632490	15	332.8	fold_selection_consensus
consensus_locked_1000_cpg	1000	333	114848	cg06888746	15	332.8666666666667	fold_selection_consensus
consensus_locked_1000_cpg	1000	334	146020	cg08866780	15	332.8666666666667	fold_selection_consensus
consensus_locked_1000_cpg	1000	335	321079	cg21101720	15	335.3333333333333	fold_selection_consensus
consensus_locked_1000_cpg	1000	336	410947	cg27664085	15	336.8666666666667	fold_selection_consensus
consensus_locked_1000_cpg	1000	337	144663	cg08781140	15	337.3333333333333	fold_selection_consensus
consensus_locked_1000_cpg	1000	338	54790	cg03149565	15	338.06666666666666	fold_selection_consensus
consensus_locked_1000_cpg	1000	339	100286	cg05955675	15	338.2	fold_selection_consensus
consensus_locked_1000_cpg	1000	340	295903	cg19220719	15	338.4	fold_selection_consensus
consensus_locked_1000_cpg	1000	341	114867	cg06889571	15	339.8666666666667	fold_selection_consensus
consensus_locked_1000_cpg	1000	342	254108	cg16207110	15	340.1333333333333	fold_selection_consensus
consensus_locked_1000_cpg	1000	343	1507	cg00076195	15	340.4	fold_selection_consensus
consensus_locked_1000_cpg	1000	344	284588	cg18363918	15	340.8	fold_selection_consensus
consensus_locked_1000_cpg	1000	345	146284	cg08880849	15	341.8	fold_selection_consensus
consensus_locked_1000_cpg	1000	346	207364	cg13181974	15	343.06666666666666	fold_selection_consensus
consensus_locked_1000_cpg	1000	347	283572	cg18286501	15	343.06666666666666	fold_selection_consensus
consensus_locked_1000_cpg	1000	348	13153	cg00722320	15	343.1333333333333	fold_selection_consensus
consensus_locked_1000_cpg	1000	349	168748	cg10400707	15	343.6	fold_selection_consensus
consensus_locked_1000_cpg	1000	350	312033	cg20399616	15	343.73333333333335	fold_selection_consensus
consensus_locked_1000_cpg	1000	351	176100	cg10909185	15	346.2	fold_selection_consensus
consensus_locked_1000_cpg	1000	352	341915	cg22731271	15	347.8666666666667	fold_selection_consensus
consensus_locked_1000_cpg	1000	353	134676	cg08128087	15	349.6	fold_selection_consensus
consensus_locked_1000_cpg	1000	354	52577	cg03014326	15	351.4	fold_selection_consensus
consensus_locked_1000_cpg	1000	355	130516	cg07861448	15	353.1333333333333	fold_selection_consensus
consensus_locked_1000_cpg	1000	356	150467	cg09170112	15	353.6666666666667	fold_selection_consensus
consensus_locked_1000_cpg	1000	357	353347	cg23541975	15	354.06666666666666	fold_selection_consensus
consensus_locked_1000_cpg	1000	358	6296	cg00347757	15	355.53333333333336	fold_selection_consensus
consensus_locked_1000_cpg	1000	359	405158	cg27267227	15	355.6	fold_selection_consensus
consensus_locked_1000_cpg	1000	360	30475	cg01738022	15	356.3333333333333	fold_selection_consensus
consensus_locked_1000_cpg	1000	361	117477	cg07045089	15	356.3333333333333	fold_selection_consensus
consensus_locked_1000_cpg	1000	362	169244	cg10439246	15	357.1333333333333	fold_selection_consensus
consensus_locked_1000_cpg	1000	363	250872	cg15975806	15	360.0	fold_selection_consensus
consensus_locked_1000_cpg	1000	364	320129	cg21026830	15	360.26666666666665	fold_selection_consensus
consensus_locked_1000_cpg	1000	365	345048	cg22958090	15	366.4	fold_selection_consensus
consensus_locked_1000_cpg	1000	366	210309	cg13390867	15	367.0	fold_selection_consensus
consensus_locked_1000_cpg	1000	367	229717	cg14482569	15	368.0	fold_selection_consensus
consensus_locked_1000_cpg	1000	368	91244	cg05369857	15	368.53333333333336	fold_selection_consensus
consensus_locked_1000_cpg	1000	369	391888	cg26351479	15	368.6	fold_selection_consensus
consensus_locked_1000_cpg	1000	370	264059	cg16871561	15	371.8666666666667	fold_selection_consensus
consensus_locked_1000_cpg	1000	371	199826	cg12600174	15	373.26666666666665	fold_selection_consensus
consensus_locked_1000_cpg	1000	372	98595	cg05857999	15	373.4	fold_selection_consensus
consensus_locked_1000_cpg	1000	373	272948	cg17509039	15	374.1333333333333	fold_selection_consensus
consensus_locked_1000_cpg	1000	374	252642	cg16100845	15	374.6666666666667	fold_selection_consensus
consensus_locked_1000_cpg	1000	375	297096	cg19308375	15	375.2	fold_selection_consensus
consensus_locked_1000_cpg	1000	376	186120	cg11638117	15	375.4	fold_selection_consensus
consensus_locked_1000_cpg	1000	377	322842	cg21215550	15	378.8	fold_selection_consensus
consensus_locked_1000_cpg	1000	378	196198	cg12336777	15	378.93333333333334	fold_selection_consensus
consensus_locked_1000_cpg	1000	379	107761	cg06463958	15	380.4	fold_selection_consensus
consensus_locked_1000_cpg	1000	380	33224	cg01893212	15	381.6666666666667	fold_selection_consensus
consensus_locked_1000_cpg	1000	381	234560	cg14780632	15	381.8	fold_selection_consensus
consensus_locked_1000_cpg	1000	382	263026	cg16786640	15	382.0	fold_selection_consensus
consensus_locked_1000_cpg	1000	383	249498	cg15871766	15	382.26666666666665	fold_selection_consensus
consensus_locked_1000_cpg	1000	384	248363	cg15792134	15	382.6	fold_selection_consensus
consensus_locked_1000_cpg	1000	385	409381	cg27555582	15	384.06666666666666	fold_selection_consensus
consensus_locked_1000_cpg	1000	386	211475	cg13453904	15	384.3333333333333	fold_selection_consensus
consensus_locked_1000_cpg	1000	387	154696	cg09451427	15	386.6	fold_selection_consensus
consensus_locked_1000_cpg	1000	388	398057	cg26783057	15	389.3333333333333	fold_selection_consensus
consensus_locked_1000_cpg	1000	389	58181	cg03356595	15	391.2	fold_selection_consensus
consensus_locked_1000_cpg	1000	390	299226	cg19467964	15	391.26666666666665	fold_selection_consensus
consensus_locked_1000_cpg	1000	391	380709	cg25538415	15	392.53333333333336	fold_selection_consensus
consensus_locked_1000_cpg	1000	392	146403	cg08887400	15	393.26666666666665	fold_selection_consensus
consensus_locked_1000_cpg	1000	393	260384	cg16616514	15	394.8	fold_selection_consensus
consensus_locked_1000_cpg	1000	394	192390	cg12060422	15	396.2	fold_selection_consensus
consensus_locked_1000_cpg	1000	395	145263	cg08822602	15	397.73333333333335	fold_selection_consensus
consensus_locked_1000_cpg	1000	396	337031	cg22348992	15	398.0	fold_selection_consensus
consensus_locked_1000_cpg	1000	397	72973	cg04246763	15	399.53333333333336	fold_selection_consensus
consensus_locked_1000_cpg	1000	398	187562	cg11733272	15	399.8666666666667	fold_selection_consensus
consensus_locked_1000_cpg	1000	399	360103	cg24033633	15	402.0	fold_selection_consensus
consensus_locked_1000_cpg	1000	400	21751	cg01207684	15	402.2	fold_selection_consensus
consensus_locked_1000_cpg	1000	401	348179	cg23179456	15	403.06666666666666	fold_selection_consensus
consensus_locked_1000_cpg	1000	402	377304	cg25284397	15	405.73333333333335	fold_selection_consensus
consensus_locked_1000_cpg	1000	403	287600	cg18576957	15	406.2	fold_selection_consensus
consensus_locked_1000_cpg	1000	404	385214	cg25885280	15	407.4	fold_selection_consensus
consensus_locked_1000_cpg	1000	405	223380	cg14120049	15	408.73333333333335	fold_selection_consensus
consensus_locked_1000_cpg	1000	406	273256	cg17526573	15	409.3333333333333	fold_selection_consensus
consensus_locked_1000_cpg	1000	407	84736	cg04970570	15	409.6	fold_selection_consensus
consensus_locked_1000_cpg	1000	408	393515	cg26465389	15	409.73333333333335	fold_selection_consensus
consensus_locked_1000_cpg	1000	409	341817	cg22723502	15	410.06666666666666	fold_selection_consensus
consensus_locked_1000_cpg	1000	410	365652	cg24441810	15	410.8666666666667	fold_selection_consensus
consensus_locked_1000_cpg	1000	411	198803	cg12526923	15	411.1333333333333	fold_selection_consensus
consensus_locked_1000_cpg	1000	412	298506	cg19414598	15	411.93333333333334	fold_selection_consensus
consensus_locked_1000_cpg	1000	413	235190	cg14825735	15	412.46666666666664	fold_selection_consensus
consensus_locked_1000_cpg	1000	414	345795	cg23010538	15	412.8	fold_selection_consensus
consensus_locked_1000_cpg	1000	415	121550	cg07281370	15	414.3333333333333	fold_selection_consensus
consensus_locked_1000_cpg	1000	416	289782	cg18747742	15	415.93333333333334	fold_selection_consensus
consensus_locked_1000_cpg	1000	417	75269	cg04387835	15	416.2	fold_selection_consensus
consensus_locked_1000_cpg	1000	418	237279	cg14972210	15	417.46666666666664	fold_selection_consensus
consensus_locked_1000_cpg	1000	419	384526	cg25824828	15	418.6	fold_selection_consensus
consensus_locked_1000_cpg	1000	420	224736	cg14197503	15	419.06666666666666	fold_selection_consensus
consensus_locked_1000_cpg	1000	421	108327	cg06500727	15	421.93333333333334	fold_selection_consensus
consensus_locked_1000_cpg	1000	422	134825	cg08135406	15	426.0	fold_selection_consensus
consensus_locked_1000_cpg	1000	423	268420	cg17187762	15	426.6	fold_selection_consensus
consensus_locked_1000_cpg	1000	424	332579	cg21983484	15	426.93333333333334	fold_selection_consensus
consensus_locked_1000_cpg	1000	425	172708	cg10665891	15	428.0	fold_selection_consensus
consensus_locked_1000_cpg	1000	426	237375	cg14979301	15	428.0	fold_selection_consensus
consensus_locked_1000_cpg	1000	427	144681	cg08782022	15	428.46666666666664	fold_selection_consensus
consensus_locked_1000_cpg	1000	428	287471	cg18567924	15	428.6	fold_selection_consensus
consensus_locked_1000_cpg	1000	429	221114	cg13995599	15	430.3333333333333	fold_selection_consensus
consensus_locked_1000_cpg	1000	430	146647	cg08901662	15	431.1333333333333	fold_selection_consensus
consensus_locked_1000_cpg	1000	431	176895	cg10967023	15	431.53333333333336	fold_selection_consensus
consensus_locked_1000_cpg	1000	432	349078	cg23238315	15	432.53333333333336	fold_selection_consensus
consensus_locked_1000_cpg	1000	433	272411	cg17472800	15	434.8666666666667	fold_selection_consensus
consensus_locked_1000_cpg	1000	434	47700	cg02734505	15	435.06666666666666	fold_selection_consensus
consensus_locked_1000_cpg	1000	435	366513	cg24504927	15	435.6	fold_selection_consensus
consensus_locked_1000_cpg	1000	436	212275	cg13495205	15	435.6666666666667	fold_selection_consensus
consensus_locked_1000_cpg	1000	437	198663	cg12515659	15	435.93333333333334	fold_selection_consensus
consensus_locked_1000_cpg	1000	438	140079	cg08474164	15	438.26666666666665	fold_selection_consensus
consensus_locked_1000_cpg	1000	439	209785	cg13356896	15	439.0	fold_selection_consensus
consensus_locked_1000_cpg	1000	440	167684	cg10326726	15	440.93333333333334	fold_selection_consensus
consensus_locked_1000_cpg	1000	441	233444	cg14699728	15	441.46666666666664	fold_selection_consensus
consensus_locked_1000_cpg	1000	442	356842	cg23807071	15	441.6	fold_selection_consensus
consensus_locked_1000_cpg	1000	443	217682	cg13800209	15	443.4	fold_selection_consensus
consensus_locked_1000_cpg	1000	444	290308	cg18782604	15	445.2	fold_selection_consensus
consensus_locked_1000_cpg	1000	445	301361	cg19619405	15	445.6666666666667	fold_selection_consensus
consensus_locked_1000_cpg	1000	446	320460	cg21049501	15	450.2	fold_selection_consensus
consensus_locked_1000_cpg	1000	447	167189	cg10294939	15	450.46666666666664	fold_selection_consensus
consensus_locked_1000_cpg	1000	448	156033	cg09543819	15	450.6	fold_selection_consensus
consensus_locked_1000_cpg	1000	449	167312	cg10304637	15	450.93333333333334	fold_selection_consensus
consensus_locked_1000_cpg	1000	450	234329	cg14766621	15	451.46666666666664	fold_selection_consensus
consensus_locked_1000_cpg	1000	451	221551	cg14018024	15	451.93333333333334	fold_selection_consensus
consensus_locked_1000_cpg	1000	452	178776	cg11104088	15	452.0	fold_selection_consensus
consensus_locked_1000_cpg	1000	453	370910	cg24810735	15	452.1333333333333	fold_selection_consensus
consensus_locked_1000_cpg	1000	454	61078	cg03532030	15	452.26666666666665	fold_selection_consensus
consensus_locked_1000_cpg	1000	455	16471	cg00912746	15	452.8	fold_selection_consensus
consensus_locked_1000_cpg	1000	456	60750	cg03514404	15	453.93333333333334	fold_selection_consensus
consensus_locked_1000_cpg	1000	457	107347	cg06436185	15	456.46666666666664	fold_selection_consensus
consensus_locked_1000_cpg	1000	458	285649	cg18438793	15	456.8666666666667	fold_selection_consensus
consensus_locked_1000_cpg	1000	459	134917	cg08141395	15	457.6666666666667	fold_selection_consensus
consensus_locked_1000_cpg	1000	460	196796	cg12387154	15	457.8	fold_selection_consensus
consensus_locked_1000_cpg	1000	461	179344	cg11146691	15	459.0	fold_selection_consensus
consensus_locked_1000_cpg	1000	462	152223	cg09287864	15	460.6666666666667	fold_selection_consensus
consensus_locked_1000_cpg	1000	463	260454	cg16620382	15	460.93333333333334	fold_selection_consensus
consensus_locked_1000_cpg	1000	464	364645	cg24368848	15	463.2	fold_selection_consensus
consensus_locked_1000_cpg	1000	465	400323	cg26924392	15	463.46666666666664	fold_selection_consensus
consensus_locked_1000_cpg	1000	466	45092	cg02583618	15	463.53333333333336	fold_selection_consensus
consensus_locked_1000_cpg	1000	467	221996	cg14040131	15	463.8	fold_selection_consensus
consensus_locked_1000_cpg	1000	468	151421	cg09238049	15	466.26666666666665	fold_selection_consensus
consensus_locked_1000_cpg	1000	469	245310	cg15577272	15	471.93333333333334	fold_selection_consensus
consensus_locked_1000_cpg	1000	470	391473	cg26328335	15	472.6	fold_selection_consensus
consensus_locked_1000_cpg	1000	471	87195	cg05127821	15	472.73333333333335	fold_selection_consensus
consensus_locked_1000_cpg	1000	472	308805	cg20141578	15	480.4	fold_selection_consensus
consensus_locked_1000_cpg	1000	473	208695	cg13279926	15	480.53333333333336	fold_selection_consensus
consensus_locked_1000_cpg	1000	474	280680	cg18096251	15	480.6	fold_selection_consensus
consensus_locked_1000_cpg	1000	475	356147	cg23739746	15	481.53333333333336	fold_selection_consensus
consensus_locked_1000_cpg	1000	476	385516	cg25916282	15	481.8	fold_selection_consensus
consensus_locked_1000_cpg	1000	477	266137	cg17029019	15	481.8666666666667	fold_selection_consensus
consensus_locked_1000_cpg	1000	478	257689	cg16440561	15	483.0	fold_selection_consensus
consensus_locked_1000_cpg	1000	479	93709	cg05529816	15	483.1333333333333	fold_selection_consensus
consensus_locked_1000_cpg	1000	480	311323	cg20341504	15	484.26666666666665	fold_selection_consensus
consensus_locked_1000_cpg	1000	481	344463	cg22914338	15	485.2	fold_selection_consensus
consensus_locked_1000_cpg	1000	482	303425	cg19758173	15	485.26666666666665	fold_selection_consensus
consensus_locked_1000_cpg	1000	483	56131	cg03232056	15	485.4	fold_selection_consensus
consensus_locked_1000_cpg	1000	484	119174	cg07141605	15	486.2	fold_selection_consensus
consensus_locked_1000_cpg	1000	485	310600	cg20286956	15	487.8666666666667	fold_selection_consensus
consensus_locked_1000_cpg	1000	486	45065	cg02582848	15	488.0	fold_selection_consensus
consensus_locked_1000_cpg	1000	487	281428	cg18141400	15	488.1333333333333	fold_selection_consensus
consensus_locked_1000_cpg	1000	488	60533	cg03502002	15	488.3333333333333	fold_selection_consensus
consensus_locked_1000_cpg	1000	489	241	cg00011616	15	489.8666666666667	fold_selection_consensus
consensus_locked_1000_cpg	1000	490	194801	cg12222949	15	490.1333333333333	fold_selection_consensus
consensus_locked_1000_cpg	1000	491	372475	cg24922129	15	491.73333333333335	fold_selection_consensus
consensus_locked_1000_cpg	1000	492	255746	cg16316624	15	493.3333333333333	fold_selection_consensus
consensus_locked_1000_cpg	1000	493	376616	cg25225379	15	493.6666666666667	fold_selection_consensus
consensus_locked_1000_cpg	1000	494	343493	cg22848598	15	493.8666666666667	fold_selection_consensus
consensus_locked_1000_cpg	1000	495	289138	cg18700133	15	495.8666666666667	fold_selection_consensus
consensus_locked_1000_cpg	1000	496	377950	cg25334934	15	499.0	fold_selection_consensus
consensus_locked_1000_cpg	1000	497	272880	cg17504394	15	499.6666666666667	fold_selection_consensus
consensus_locked_1000_cpg	1000	498	201866	cg12749132	15	500.26666666666665	fold_selection_consensus
consensus_locked_1000_cpg	1000	499	182419	cg11354603	15	502.1333333333333	fold_selection_consensus
consensus_locked_1000_cpg	1000	500	221203	cg14000361	15	503.6666666666667	fold_selection_consensus
consensus_locked_1000_cpg	1000	501	101917	cg06061086	15	503.73333333333335	fold_selection_consensus
consensus_locked_1000_cpg	1000	502	118591	cg07110405	15	503.8666666666667	fold_selection_consensus
consensus_locked_1000_cpg	1000	503	98232	cg05833351	15	504.2	fold_selection_consensus
consensus_locked_1000_cpg	1000	504	68858	cg04004158	15	505.26666666666665	fold_selection_consensus
consensus_locked_1000_cpg	1000	505	71438	cg04156293	15	505.8	fold_selection_consensus
consensus_locked_1000_cpg	1000	506	357788	cg23881926	15	507.0	fold_selection_consensus
consensus_locked_1000_cpg	1000	507	300222	cg19537719	15	508.3333333333333	fold_selection_consensus
consensus_locked_1000_cpg	1000	508	313567	cg20518446	15	509.4	fold_selection_consensus
consensus_locked_1000_cpg	1000	509	64019	cg03706175	15	509.46666666666664	fold_selection_consensus
consensus_locked_1000_cpg	1000	510	70993	cg04131969	15	510.73333333333335	fold_selection_consensus
consensus_locked_1000_cpg	1000	511	355082	cg23669081	15	513.2	fold_selection_consensus
consensus_locked_1000_cpg	1000	512	1849	cg00092518	15	513.8	fold_selection_consensus
consensus_locked_1000_cpg	1000	513	318280	cg20884887	15	514.6	fold_selection_consensus
consensus_locked_1000_cpg	1000	514	87377	cg05137263	15	516.8	fold_selection_consensus
consensus_locked_1000_cpg	1000	515	42363	cg02423318	15	517.0666666666667	fold_selection_consensus
consensus_locked_1000_cpg	1000	516	389735	cg26212328	15	517.0666666666667	fold_selection_consensus
consensus_locked_1000_cpg	1000	517	239682	cg15135047	15	517.1333333333333	fold_selection_consensus
consensus_locked_1000_cpg	1000	518	42220	cg02411937	15	521.0666666666667	fold_selection_consensus
consensus_locked_1000_cpg	1000	519	124207	cg07458308	15	521.4666666666667	fold_selection_consensus
consensus_locked_1000_cpg	1000	520	373982	cg25026992	15	524.4666666666667	fold_selection_consensus
consensus_locked_1000_cpg	1000	521	271564	cg17415265	15	524.8666666666667	fold_selection_consensus
consensus_locked_1000_cpg	1000	522	106819	cg06398242	15	525.6666666666666	fold_selection_consensus
consensus_locked_1000_cpg	1000	523	236346	cg14904662	15	526.2666666666667	fold_selection_consensus
consensus_locked_1000_cpg	1000	524	56910	cg03284308	15	526.4666666666667	fold_selection_consensus
consensus_locked_1000_cpg	1000	525	107132	cg06419732	15	527.4	fold_selection_consensus
consensus_locked_1000_cpg	1000	526	392088	cg26363759	15	527.9333333333333	fold_selection_consensus
consensus_locked_1000_cpg	1000	527	63082	cg03646916	15	528.0	fold_selection_consensus
consensus_locked_1000_cpg	1000	528	167083	cg10286969	15	529.1333333333333	fold_selection_consensus
consensus_locked_1000_cpg	1000	529	129426	cg07792478	15	530.6	fold_selection_consensus
consensus_locked_1000_cpg	1000	530	254015	cg16202259	15	531.6	fold_selection_consensus
consensus_locked_1000_cpg	1000	531	339571	cg22550229	15	532.0	fold_selection_consensus
consensus_locked_1000_cpg	1000	532	323542	cg21261158	15	533.9333333333333	fold_selection_consensus
consensus_locked_1000_cpg	1000	533	241946	cg15320905	15	535.4666666666667	fold_selection_consensus
consensus_locked_1000_cpg	1000	534	261445	cg16683160	15	536.2	fold_selection_consensus
consensus_locked_1000_cpg	1000	535	251687	cg16026813	15	536.6666666666666	fold_selection_consensus
consensus_locked_1000_cpg	1000	536	227721	cg14367020	15	537.3333333333334	fold_selection_consensus
consensus_locked_1000_cpg	1000	537	27317	cg01543583	15	539.4	fold_selection_consensus
consensus_locked_1000_cpg	1000	538	203870	cg12905252	15	539.4666666666667	fold_selection_consensus
consensus_locked_1000_cpg	1000	539	371146	cg24830730	15	539.6	fold_selection_consensus
consensus_locked_1000_cpg	1000	540	80323	cg04703620	15	540.7333333333333	fold_selection_consensus
consensus_locked_1000_cpg	1000	541	77371	cg04518342	15	541.6	fold_selection_consensus
consensus_locked_1000_cpg	1000	542	254494	cg16236270	15	543.4666666666667	fold_selection_consensus
consensus_locked_1000_cpg	1000	543	159395	cg09780180	15	544.6666666666666	fold_selection_consensus
consensus_locked_1000_cpg	1000	544	190512	cg11930554	15	545.2666666666667	fold_selection_consensus
consensus_locked_1000_cpg	1000	545	34715	cg01973676	15	546.3333333333334	fold_selection_consensus
consensus_locked_1000_cpg	1000	546	281983	cg18177414	15	546.4	fold_selection_consensus
consensus_locked_1000_cpg	1000	547	240760	cg15219228	15	547.4666666666667	fold_selection_consensus
consensus_locked_1000_cpg	1000	548	284027	cg18322569	15	547.9333333333333	fold_selection_consensus
consensus_locked_1000_cpg	1000	549	90158	cg05306745	15	548.4666666666667	fold_selection_consensus
consensus_locked_1000_cpg	1000	550	215369	cg13668207	15	551.2666666666667	fold_selection_consensus
consensus_locked_1000_cpg	1000	551	62000	cg03582419	15	552.0	fold_selection_consensus
consensus_locked_1000_cpg	1000	552	28483	cg01610165	15	552.4	fold_selection_consensus
consensus_locked_1000_cpg	1000	553	154268	cg09424006	15	552.4	fold_selection_consensus
consensus_locked_1000_cpg	1000	554	274662	cg17648080	15	552.7333333333333	fold_selection_consensus
consensus_locked_1000_cpg	1000	555	233069	cg14672084	15	554.0	fold_selection_consensus
consensus_locked_1000_cpg	1000	556	396076	cg26645242	15	554.4666666666667	fold_selection_consensus
consensus_locked_1000_cpg	1000	557	30636	cg01749491	15	556.6666666666666	fold_selection_consensus
consensus_locked_1000_cpg	1000	558	120665	cg07222505	15	556.7333333333333	fold_selection_consensus
consensus_locked_1000_cpg	1000	559	269938	cg17300544	15	557.4	fold_selection_consensus
consensus_locked_1000_cpg	1000	560	134266	cg08105834	15	558.2	fold_selection_consensus
consensus_locked_1000_cpg	1000	561	85045	cg04988514	15	560.0	fold_selection_consensus
consensus_locked_1000_cpg	1000	562	223193	cg14108567	15	560.3333333333334	fold_selection_consensus
consensus_locked_1000_cpg	1000	563	137466	cg08296680	15	562.0	fold_selection_consensus
consensus_locked_1000_cpg	1000	564	301154	cg19602728	15	565.4	fold_selection_consensus
consensus_locked_1000_cpg	1000	565	81182	cg04757389	15	565.4666666666667	fold_selection_consensus
consensus_locked_1000_cpg	1000	566	166652	cg10255237	15	568.1333333333333	fold_selection_consensus
consensus_locked_1000_cpg	1000	567	73875	cg04302300	15	570.3333333333334	fold_selection_consensus
consensus_locked_1000_cpg	1000	568	239655	cg15133351	15	571.6	fold_selection_consensus
consensus_locked_1000_cpg	1000	569	322592	cg21201401	15	572.4	fold_selection_consensus
consensus_locked_1000_cpg	1000	570	351433	cg23401796	15	572.9333333333333	fold_selection_consensus
consensus_locked_1000_cpg	1000	571	352765	cg23502778	15	574.2	fold_selection_consensus
consensus_locked_1000_cpg	1000	572	65228	cg03774803	15	575.5333333333333	fold_selection_consensus
consensus_locked_1000_cpg	1000	573	306557	cg19966212	15	575.6666666666666	fold_selection_consensus
consensus_locked_1000_cpg	1000	574	210333	cg13392078	15	577.7333333333333	fold_selection_consensus
consensus_locked_1000_cpg	1000	575	407575	cg27429080	15	579.8666666666667	fold_selection_consensus
consensus_locked_1000_cpg	1000	576	363213	cg24258712	15	580.2666666666667	fold_selection_consensus
consensus_locked_1000_cpg	1000	577	328083	cg21624902	15	580.6666666666666	fold_selection_consensus
consensus_locked_1000_cpg	1000	578	279320	cg18002126	15	582.4666666666667	fold_selection_consensus
consensus_locked_1000_cpg	1000	579	60142	cg03475293	15	582.6666666666666	fold_selection_consensus
consensus_locked_1000_cpg	1000	580	90189	cg05308495	15	583.2	fold_selection_consensus
consensus_locked_1000_cpg	1000	581	338479	cg22471726	15	583.2666666666667	fold_selection_consensus
consensus_locked_1000_cpg	1000	582	315856	cg20693607	15	583.3333333333334	fold_selection_consensus
consensus_locked_1000_cpg	1000	583	211396	cg13449535	15	585.5333333333333	fold_selection_consensus
consensus_locked_1000_cpg	1000	584	106189	cg06358671	15	587.4	fold_selection_consensus
consensus_locked_1000_cpg	1000	585	398354	cg26800525	15	588.1333333333333	fold_selection_consensus
consensus_locked_1000_cpg	1000	586	14408	cg00793935	15	588.4	fold_selection_consensus
consensus_locked_1000_cpg	1000	587	20793	cg01152056	15	588.4	fold_selection_consensus
consensus_locked_1000_cpg	1000	588	391940	cg26354493	15	588.6	fold_selection_consensus
consensus_locked_1000_cpg	1000	589	251992	cg16049391	15	588.9333333333333	fold_selection_consensus
consensus_locked_1000_cpg	1000	590	340152	cg22604316	15	589.4666666666667	fold_selection_consensus
consensus_locked_1000_cpg	1000	591	313093	cg20480723	15	589.8	fold_selection_consensus
consensus_locked_1000_cpg	1000	592	320420	cg21046148	15	591.4666666666667	fold_selection_consensus
consensus_locked_1000_cpg	1000	593	106084	cg06351537	15	595.0	fold_selection_consensus
consensus_locked_1000_cpg	1000	594	124167	cg07455790	15	595.6	fold_selection_consensus
consensus_locked_1000_cpg	1000	595	217838	cg13808071	15	595.6	fold_selection_consensus
consensus_locked_1000_cpg	1000	596	15482	cg00857907	15	596.2666666666667	fold_selection_consensus
consensus_locked_1000_cpg	1000	597	384060	cg25788549	15	596.6	fold_selection_consensus
consensus_locked_1000_cpg	1000	598	332123	cg21941030	15	596.9333333333333	fold_selection_consensus
consensus_locked_1000_cpg	1000	599	404540	cg27219841	15	598.8666666666667	fold_selection_consensus
consensus_locked_1000_cpg	1000	600	342089	cg22747076	15	599.1333333333333	fold_selection_consensus
consensus_locked_1000_cpg	1000	601	282977	cg18243760	15	600.4666666666667	fold_selection_consensus
consensus_locked_1000_cpg	1000	602	241722	cg15300436	15	601.1333333333333	fold_selection_consensus
consensus_locked_1000_cpg	1000	603	404257	cg27196974	15	602.7333333333333	fold_selection_consensus
consensus_locked_1000_cpg	1000	604	228180	cg14394550	15	603.0666666666667	fold_selection_consensus
consensus_locked_1000_cpg	1000	605	349766	cg23279522	15	605.9333333333333	fold_selection_consensus
consensus_locked_1000_cpg	1000	606	192894	cg12089032	15	610.6	fold_selection_consensus
consensus_locked_1000_cpg	1000	607	164889	cg10143811	15	612.8666666666667	fold_selection_consensus
consensus_locked_1000_cpg	1000	608	220194	cg13943068	15	613.3333333333334	fold_selection_consensus
consensus_locked_1000_cpg	1000	609	324972	cg21394171	15	615.4	fold_selection_consensus
consensus_locked_1000_cpg	1000	610	263326	cg16807089	15	617.3333333333334	fold_selection_consensus
consensus_locked_1000_cpg	1000	611	205620	cg13045134	15	617.6	fold_selection_consensus
consensus_locked_1000_cpg	1000	612	406634	cg27363327	15	618.0666666666667	fold_selection_consensus
consensus_locked_1000_cpg	1000	613	170664	cg10528576	15	618.6	fold_selection_consensus
consensus_locked_1000_cpg	1000	614	357571	cg23864180	15	619.0666666666667	fold_selection_consensus
consensus_locked_1000_cpg	1000	615	380607	cg25528916	15	619.6666666666666	fold_selection_consensus
consensus_locked_1000_cpg	1000	616	136293	cg08227526	15	620.2666666666667	fold_selection_consensus
consensus_locked_1000_cpg	1000	617	196641	cg12374721	15	620.5333333333333	fold_selection_consensus
consensus_locked_1000_cpg	1000	618	132245	cg07970752	15	621.9333333333333	fold_selection_consensus
consensus_locked_1000_cpg	1000	619	291865	cg18888655	15	622.9333333333333	fold_selection_consensus
consensus_locked_1000_cpg	1000	620	409260	cg27548075	15	623.0	fold_selection_consensus
consensus_locked_1000_cpg	1000	621	371187	cg24833737	15	623.4666666666667	fold_selection_consensus
consensus_locked_1000_cpg	1000	622	224592	cg14189678	15	625.1333333333333	fold_selection_consensus
consensus_locked_1000_cpg	1000	623	356025	cg23731272	15	626.0	fold_selection_consensus
consensus_locked_1000_cpg	1000	624	320036	cg21017887	15	626.4666666666667	fold_selection_consensus
consensus_locked_1000_cpg	1000	625	328629	cg21664636	15	627.4	fold_selection_consensus
consensus_locked_1000_cpg	1000	626	53415	cg03062944	15	627.8	fold_selection_consensus
consensus_locked_1000_cpg	1000	627	197951	cg12466610	15	629.4	fold_selection_consensus
consensus_locked_1000_cpg	1000	628	90765	cg05344495	15	630.4666666666667	fold_selection_consensus
consensus_locked_1000_cpg	1000	629	221708	cg14025053	15	630.8	fold_selection_consensus
consensus_locked_1000_cpg	1000	630	302972	cg19730972	15	632.4666666666667	fold_selection_consensus
consensus_locked_1000_cpg	1000	631	253893	cg16192707	15	632.8666666666667	fold_selection_consensus
consensus_locked_1000_cpg	1000	632	262774	cg16768697	15	633.0	fold_selection_consensus
consensus_locked_1000_cpg	1000	633	221391	cg14010405	15	634.2	fold_selection_consensus
consensus_locked_1000_cpg	1000	634	271367	cg17399362	15	634.7333333333333	fold_selection_consensus
consensus_locked_1000_cpg	1000	635	396599	cg26676468	15	634.9333333333333	fold_selection_consensus
consensus_locked_1000_cpg	1000	636	214783	cg13634242	15	635.7333333333333	fold_selection_consensus
consensus_locked_1000_cpg	1000	637	175764	cg10884288	15	636.8	fold_selection_consensus
consensus_locked_1000_cpg	1000	638	22727	cg01268824	15	637.6	fold_selection_consensus
consensus_locked_1000_cpg	1000	639	36768	cg02090033	15	638.9333333333333	fold_selection_consensus
consensus_locked_1000_cpg	1000	640	327256	cg21565960	15	638.9333333333333	fold_selection_consensus
consensus_locked_1000_cpg	1000	641	50637	cg02907150	15	643.6666666666666	fold_selection_consensus
consensus_locked_1000_cpg	1000	642	106642	cg06385583	15	644.3333333333334	fold_selection_consensus
consensus_locked_1000_cpg	1000	643	146881	cg08919597	15	645.1333333333333	fold_selection_consensus
consensus_locked_1000_cpg	1000	644	9000	cg00494919	15	645.9333333333333	fold_selection_consensus
consensus_locked_1000_cpg	1000	645	244409	cg15507690	15	646.2666666666667	fold_selection_consensus
consensus_locked_1000_cpg	1000	646	14831	cg00817367	15	646.7333333333333	fold_selection_consensus
consensus_locked_1000_cpg	1000	647	217341	cg13782274	15	647.0	fold_selection_consensus
consensus_locked_1000_cpg	1000	648	269027	cg17231999	15	647.3333333333334	fold_selection_consensus
consensus_locked_1000_cpg	1000	649	286061	cg18465484	15	648.4666666666667	fold_selection_consensus
consensus_locked_1000_cpg	1000	650	148229	cg09014626	15	648.8	fold_selection_consensus
consensus_locked_1000_cpg	1000	651	1666	cg00084338	15	649.3333333333334	fold_selection_consensus
consensus_locked_1000_cpg	1000	652	57363	cg03311684	15	649.7333333333333	fold_selection_consensus
consensus_locked_1000_cpg	1000	653	293876	cg19047660	15	649.8666666666667	fold_selection_consensus
consensus_locked_1000_cpg	1000	654	27645	cg01561304	15	651.2666666666667	fold_selection_consensus
consensus_locked_1000_cpg	1000	655	108450	cg06509223	15	652.5333333333333	fold_selection_consensus
consensus_locked_1000_cpg	1000	656	267877	cg17154724	15	653.5333333333333	fold_selection_consensus
consensus_locked_1000_cpg	1000	657	299819	cg19510206	15	653.6666666666666	fold_selection_consensus
consensus_locked_1000_cpg	1000	658	354985	cg23663774	15	655.3333333333334	fold_selection_consensus
consensus_locked_1000_cpg	1000	659	306898	cg19991916	15	656.4	fold_selection_consensus
consensus_locked_1000_cpg	1000	660	399477	cg26871372	15	656.6666666666666	fold_selection_consensus
consensus_locked_1000_cpg	1000	661	358264	cg23913421	15	657.3333333333334	fold_selection_consensus
consensus_locked_1000_cpg	1000	662	393746	cg26479667	15	661.0666666666667	fold_selection_consensus
consensus_locked_1000_cpg	1000	663	162993	cg10020892	15	662.0666666666667	fold_selection_consensus
consensus_locked_1000_cpg	1000	664	276442	cg17794299	15	662.1333333333333	fold_selection_consensus
consensus_locked_1000_cpg	1000	665	295061	cg19147218	15	663.0	fold_selection_consensus
consensus_locked_1000_cpg	1000	666	372040	cg24886257	15	665.6666666666666	fold_selection_consensus
consensus_locked_1000_cpg	1000	667	27878	cg01573321	15	665.8666666666667	fold_selection_consensus
consensus_locked_1000_cpg	1000	668	399365	cg26863534	15	665.9333333333333	fold_selection_consensus
consensus_locked_1000_cpg	1000	669	157671	cg09655403	15	672.6	fold_selection_consensus
consensus_locked_1000_cpg	1000	670	129750	cg07811110	15	673.0	fold_selection_consensus
consensus_locked_1000_cpg	1000	671	122870	cg07366506	15	673.0666666666667	fold_selection_consensus
consensus_locked_1000_cpg	1000	672	184961	cg11552829	15	673.3333333333334	fold_selection_consensus
consensus_locked_1000_cpg	1000	673	336312	cg22287064	15	673.6	fold_selection_consensus
consensus_locked_1000_cpg	1000	674	258102	cg16470319	15	673.6666666666666	fold_selection_consensus
consensus_locked_1000_cpg	1000	675	353368	cg23543318	15	673.7333333333333	fold_selection_consensus
consensus_locked_1000_cpg	1000	676	126012	cg07570470	15	674.1333333333333	fold_selection_consensus
consensus_locked_1000_cpg	1000	677	287671	cg18582260	15	674.3333333333334	fold_selection_consensus
consensus_locked_1000_cpg	1000	678	272522	cg17479716	15	675.2666666666667	fold_selection_consensus
consensus_locked_1000_cpg	1000	679	338498	cg22473620	15	675.8	fold_selection_consensus
consensus_locked_1000_cpg	1000	680	127818	cg07687131	15	677.3333333333334	fold_selection_consensus
consensus_locked_1000_cpg	1000	681	389761	cg26214747	15	677.9333333333333	fold_selection_consensus
consensus_locked_1000_cpg	1000	682	305291	cg19880942	15	678.5333333333333	fold_selection_consensus
consensus_locked_1000_cpg	1000	683	161401	cg09908110	15	680.8	fold_selection_consensus
consensus_locked_1000_cpg	1000	684	86936	cg05109049	15	681.0	fold_selection_consensus
consensus_locked_1000_cpg	1000	685	352674	cg23497020	15	681.0	fold_selection_consensus
consensus_locked_1000_cpg	1000	686	166581	cg10249637	15	681.6666666666666	fold_selection_consensus
consensus_locked_1000_cpg	1000	687	106137	cg06355129	15	682.7333333333333	fold_selection_consensus
consensus_locked_1000_cpg	1000	688	287069	cg18537730	15	684.2666666666667	fold_selection_consensus
consensus_locked_1000_cpg	1000	689	237092	cg14958969	15	684.3333333333334	fold_selection_consensus
consensus_locked_1000_cpg	1000	690	197188	cg12415687	15	684.4666666666667	fold_selection_consensus
consensus_locked_1000_cpg	1000	691	250296	cg15928106	15	684.5333333333333	fold_selection_consensus
consensus_locked_1000_cpg	1000	692	264303	cg16890879	15	685.0666666666667	fold_selection_consensus
consensus_locked_1000_cpg	1000	693	320015	cg21015470	15	686.8	fold_selection_consensus
consensus_locked_1000_cpg	1000	694	165997	cg10210594	15	687.0	fold_selection_consensus
consensus_locked_1000_cpg	1000	695	121285	cg07263979	15	688.2	fold_selection_consensus
consensus_locked_1000_cpg	1000	696	80493	cg04715503	15	688.4	fold_selection_consensus
consensus_locked_1000_cpg	1000	697	382260	cg25650964	15	688.8666666666667	fold_selection_consensus
consensus_locked_1000_cpg	1000	698	342264	cg22761670	15	693.8666666666667	fold_selection_consensus
consensus_locked_1000_cpg	1000	699	18409	cg01020475	15	695.1333333333333	fold_selection_consensus
consensus_locked_1000_cpg	1000	700	162558	cg09990962	15	696.2	fold_selection_consensus
consensus_locked_1000_cpg	1000	701	363261	cg24264679	15	697.2666666666667	fold_selection_consensus
consensus_locked_1000_cpg	1000	702	277202	cg17842821	15	697.5333333333333	fold_selection_consensus
consensus_locked_1000_cpg	1000	703	341760	cg22719241	15	697.8666666666667	fold_selection_consensus
consensus_locked_1000_cpg	1000	704	372492	cg24923516	15	699.1333333333333	fold_selection_consensus
consensus_locked_1000_cpg	1000	705	400593	cg26942432	15	699.4	fold_selection_consensus
consensus_locked_1000_cpg	1000	706	65498	cg03791955	15	699.4666666666667	fold_selection_consensus
consensus_locked_1000_cpg	1000	707	207338	cg13180315	15	699.6666666666666	fold_selection_consensus
consensus_locked_1000_cpg	1000	708	20494	cg01135464	15	699.7333333333333	fold_selection_consensus
consensus_locked_1000_cpg	1000	709	379767	cg25463742	15	702.2666666666667	fold_selection_consensus
consensus_locked_1000_cpg	1000	710	104275	cg06218079	15	703.3333333333334	fold_selection_consensus
consensus_locked_1000_cpg	1000	711	385712	cg25929664	15	706.2	fold_selection_consensus
consensus_locked_1000_cpg	1000	712	373024	cg24960947	15	706.7333333333333	fold_selection_consensus
consensus_locked_1000_cpg	1000	713	347881	cg23158189	15	709.5333333333333	fold_selection_consensus
consensus_locked_1000_cpg	1000	714	257902	cg16454852	15	710.0	fold_selection_consensus
consensus_locked_1000_cpg	1000	715	186483	cg11660879	15	710.3333333333334	fold_selection_consensus
consensus_locked_1000_cpg	1000	716	273574	cg17553149	15	710.6666666666666	fold_selection_consensus
consensus_locked_1000_cpg	1000	717	69075	cg04015962	15	711.6666666666666	fold_selection_consensus
consensus_locked_1000_cpg	1000	718	117893	cg07068735	15	712.4	fold_selection_consensus
consensus_locked_1000_cpg	1000	719	268721	cg17211761	15	712.5333333333333	fold_selection_consensus
consensus_locked_1000_cpg	1000	720	183688	cg11445797	15	714.1333333333333	fold_selection_consensus
consensus_locked_1000_cpg	1000	721	23395	cg01307130	15	714.4	fold_selection_consensus
consensus_locked_1000_cpg	1000	722	329533	cg21749794	15	716.8	fold_selection_consensus
consensus_locked_1000_cpg	1000	723	313274	cg20494374	15	720.2	fold_selection_consensus
consensus_locked_1000_cpg	1000	724	355573	cg23697546	15	722.0	fold_selection_consensus
consensus_locked_1000_cpg	1000	725	34507	cg01963754	15	724.7333333333333	fold_selection_consensus
consensus_locked_1000_cpg	1000	726	146494	cg08892613	15	725.9333333333333	fold_selection_consensus
consensus_locked_1000_cpg	1000	727	234910	cg14802502	15	726.8666666666667	fold_selection_consensus
consensus_locked_1000_cpg	1000	728	202461	cg12798524	15	728.4666666666667	fold_selection_consensus
consensus_locked_1000_cpg	1000	729	12054	cg00661970	15	731.2	fold_selection_consensus
consensus_locked_1000_cpg	1000	730	261188	cg16665866	15	732.6	fold_selection_consensus
consensus_locked_1000_cpg	1000	731	3408	cg00177787	15	732.7333333333333	fold_selection_consensus
consensus_locked_1000_cpg	1000	732	30909	cg01765111	15	733.4	fold_selection_consensus
consensus_locked_1000_cpg	1000	733	386040	cg25950739	15	736.1333333333333	fold_selection_consensus
consensus_locked_1000_cpg	1000	734	175833	cg10890302	15	736.3333333333334	fold_selection_consensus
consensus_locked_1000_cpg	1000	735	298959	cg19447962	15	736.4	fold_selection_consensus
consensus_locked_1000_cpg	1000	736	286549	cg18499201	15	740.4	fold_selection_consensus
consensus_locked_1000_cpg	1000	737	402756	cg27092191	15	740.4666666666667	fold_selection_consensus
consensus_locked_1000_cpg	1000	738	318121	cg20867963	15	744.8666666666667	fold_selection_consensus
consensus_locked_1000_cpg	1000	739	226227	cg14278853	15	746.1333333333333	fold_selection_consensus
consensus_locked_1000_cpg	1000	740	294851	cg19129687	15	746.2666666666667	fold_selection_consensus
consensus_locked_1000_cpg	1000	741	331267	cg21878746	15	746.6666666666666	fold_selection_consensus
consensus_locked_1000_cpg	1000	742	68501	cg03984758	15	747.2	fold_selection_consensus
consensus_locked_1000_cpg	1000	743	137574	cg08304190	15	747.8	fold_selection_consensus
consensus_locked_1000_cpg	1000	744	83802	cg04912712	15	748.0666666666667	fold_selection_consensus
consensus_locked_1000_cpg	1000	745	265219	cg16959787	15	748.0666666666667	fold_selection_consensus
consensus_locked_1000_cpg	1000	746	322478	cg21195256	15	748.1333333333333	fold_selection_consensus
consensus_locked_1000_cpg	1000	747	314706	cg20608783	15	748.2666666666667	fold_selection_consensus
consensus_locked_1000_cpg	1000	748	146266	cg08879470	15	748.7333333333333	fold_selection_consensus
consensus_locked_1000_cpg	1000	749	164635	cg10128806	15	752.0666666666667	fold_selection_consensus
consensus_locked_1000_cpg	1000	750	100540	cg05970721	15	753.2666666666667	fold_selection_consensus
consensus_locked_1000_cpg	1000	751	125379	cg07532183	15	754.0666666666667	fold_selection_consensus
consensus_locked_1000_cpg	1000	752	176384	cg10932018	15	755.3333333333334	fold_selection_consensus
consensus_locked_1000_cpg	1000	753	248590	cg15811515	15	757.1333333333333	fold_selection_consensus
consensus_locked_1000_cpg	1000	754	242736	cg15384383	15	757.4	fold_selection_consensus
consensus_locked_1000_cpg	1000	755	108582	cg06518838	15	759.0666666666667	fold_selection_consensus
consensus_locked_1000_cpg	1000	756	8323	cg00459623	15	759.5333333333333	fold_selection_consensus
consensus_locked_1000_cpg	1000	757	259474	cg16560389	15	760.1333333333333	fold_selection_consensus
consensus_locked_1000_cpg	1000	758	244676	cg15532640	15	760.6666666666666	fold_selection_consensus
consensus_locked_1000_cpg	1000	759	306963	cg19997502	15	762.6666666666666	fold_selection_consensus
consensus_locked_1000_cpg	1000	760	335501	cg22221554	15	763.6666666666666	fold_selection_consensus
consensus_locked_1000_cpg	1000	761	56011	cg03224621	15	764.0	fold_selection_consensus
consensus_locked_1000_cpg	1000	762	8066	cg00446123	15	765.1333333333333	fold_selection_consensus
consensus_locked_1000_cpg	1000	763	50984	cg02925367	15	768.6666666666666	fold_selection_consensus
consensus_locked_1000_cpg	1000	764	288944	cg18684142	15	771.3333333333334	fold_selection_consensus
consensus_locked_1000_cpg	1000	765	76382	cg04456219	15	771.6666666666666	fold_selection_consensus
consensus_locked_1000_cpg	1000	766	70639	cg04111789	15	772.8	fold_selection_consensus
consensus_locked_1000_cpg	1000	767	20875	cg01156249	15	772.8666666666667	fold_selection_consensus
consensus_locked_1000_cpg	1000	768	310428	cg20272979	15	772.9333333333333	fold_selection_consensus
consensus_locked_1000_cpg	1000	769	90485	cg05328339	15	773.3333333333334	fold_selection_consensus
consensus_locked_1000_cpg	1000	770	198713	cg12519676	15	774.2	fold_selection_consensus
consensus_locked_1000_cpg	1000	771	107918	cg06474225	15	774.4	fold_selection_consensus
consensus_locked_1000_cpg	1000	772	235285	cg14831665	15	774.7333333333333	fold_selection_consensus
consensus_locked_1000_cpg	1000	773	308174	cg20092531	15	775.0666666666667	fold_selection_consensus
consensus_locked_1000_cpg	1000	774	205426	cg13028819	15	776.6	fold_selection_consensus
consensus_locked_1000_cpg	1000	775	361771	cg24145118	15	777.2	fold_selection_consensus
consensus_locked_1000_cpg	1000	776	219677	cg13916459	15	779.4666666666667	fold_selection_consensus
consensus_locked_1000_cpg	1000	777	280477	cg18082788	15	780.8666666666667	fold_selection_consensus
consensus_locked_1000_cpg	1000	778	79497	cg04650654	15	780.9333333333333	fold_selection_consensus
consensus_locked_1000_cpg	1000	779	56831	cg03278514	15	781.1333333333333	fold_selection_consensus
consensus_locked_1000_cpg	1000	780	213126	cg13545212	15	781.2666666666667	fold_selection_consensus
consensus_locked_1000_cpg	1000	781	173266	cg10708761	15	782.7333333333333	fold_selection_consensus
consensus_locked_1000_cpg	1000	782	2835	cg00147788	15	782.8666666666667	fold_selection_consensus
consensus_locked_1000_cpg	1000	783	6081	cg00335591	15	784.4	fold_selection_consensus
consensus_locked_1000_cpg	1000	784	141669	cg08578320	15	784.5333333333333	fold_selection_consensus
consensus_locked_1000_cpg	1000	785	216398	cg13722700	15	785.0666666666667	fold_selection_consensus
consensus_locked_1000_cpg	1000	786	344051	cg22881914	15	785.7333333333333	fold_selection_consensus
consensus_locked_1000_cpg	1000	787	385242	cg25888386	15	787.6666666666666	fold_selection_consensus
consensus_locked_1000_cpg	1000	788	319826	cg21001184	15	787.7333333333333	fold_selection_consensus
consensus_locked_1000_cpg	1000	789	283264	cg18264486	15	788.0	fold_selection_consensus
consensus_locked_1000_cpg	1000	790	368249	cg24631102	15	788.2666666666667	fold_selection_consensus
consensus_locked_1000_cpg	1000	791	30730	cg01754525	15	789.6	fold_selection_consensus
consensus_locked_1000_cpg	1000	792	285776	cg18447772	15	790.1333333333333	fold_selection_consensus
consensus_locked_1000_cpg	1000	793	198973	cg12539796	15	791.1333333333333	fold_selection_consensus
consensus_locked_1000_cpg	1000	794	3310	cg00172603	15	792.8666666666667	fold_selection_consensus
consensus_locked_1000_cpg	1000	795	325897	cg21472506	15	793.3333333333334	fold_selection_consensus
consensus_locked_1000_cpg	1000	796	67978	cg03953626	15	794.4666666666667	fold_selection_consensus
consensus_locked_1000_cpg	1000	797	171252	cg10570241	15	795.3333333333334	fold_selection_consensus
consensus_locked_1000_cpg	1000	798	230468	cg14523847	15	795.3333333333334	fold_selection_consensus
consensus_locked_1000_cpg	1000	799	81856	cg04798314	15	799.1333333333333	fold_selection_consensus
consensus_locked_1000_cpg	1000	800	406577	cg27359566	15	799.4666666666667	fold_selection_consensus
consensus_locked_1000_cpg	1000	801	86574	cg05083852	15	801.4666666666667	fold_selection_consensus
consensus_locked_1000_cpg	1000	802	143987	cg08732352	15	802.3333333333334	fold_selection_consensus
consensus_locked_1000_cpg	1000	803	373433	cg24995678	15	802.4	fold_selection_consensus
consensus_locked_1000_cpg	1000	804	396709	cg26681770	15	802.9333333333333	fold_selection_consensus
consensus_locked_1000_cpg	1000	805	193151	cg12105941	15	804.0	fold_selection_consensus
consensus_locked_1000_cpg	1000	806	341052	cg22674699	15	804.3333333333334	fold_selection_consensus
consensus_locked_1000_cpg	1000	807	341866	cg22727783	15	804.4	fold_selection_consensus
consensus_locked_1000_cpg	1000	808	249203	cg15848890	15	805.8666666666667	fold_selection_consensus
consensus_locked_1000_cpg	1000	809	194543	cg12204258	15	806.5333333333333	fold_selection_consensus
consensus_locked_1000_cpg	1000	810	407383	cg27416863	15	807.8666666666667	fold_selection_consensus
consensus_locked_1000_cpg	1000	811	392351	cg26383138	15	807.9333333333333	fold_selection_consensus
consensus_locked_1000_cpg	1000	812	15182	cg00839579	15	810.3333333333334	fold_selection_consensus
consensus_locked_1000_cpg	1000	813	153087	cg09341793	15	812.6	fold_selection_consensus
consensus_locked_1000_cpg	1000	814	179516	cg11157172	15	814.4666666666667	fold_selection_consensus
consensus_locked_1000_cpg	1000	815	293957	cg19053239	15	818.6	fold_selection_consensus
consensus_locked_1000_cpg	1000	816	108664	cg06523224	15	818.8	fold_selection_consensus
consensus_locked_1000_cpg	1000	817	136656	cg08249424	15	818.8666666666667	fold_selection_consensus
consensus_locked_1000_cpg	1000	818	198447	cg12500879	15	823.7333333333333	fold_selection_consensus
consensus_locked_1000_cpg	1000	819	66968	cg03889263	15	824.4	fold_selection_consensus
consensus_locked_1000_cpg	1000	820	69416	cg04037038	15	824.7333333333333	fold_selection_consensus
consensus_locked_1000_cpg	1000	821	273083	cg17516247	15	826.1333333333333	fold_selection_consensus
consensus_locked_1000_cpg	1000	822	280817	cg18104919	15	826.7333333333333	fold_selection_consensus
consensus_locked_1000_cpg	1000	823	138444	cg08364561	15	827.4	fold_selection_consensus
consensus_locked_1000_cpg	1000	824	4650	cg00253658	15	828.2	fold_selection_consensus
consensus_locked_1000_cpg	1000	825	297252	cg19320820	15	830.7333333333333	fold_selection_consensus
consensus_locked_1000_cpg	1000	826	246840	cg15680288	15	831.0	fold_selection_consensus
consensus_locked_1000_cpg	1000	827	312589	cg20443254	15	831.0666666666667	fold_selection_consensus
consensus_locked_1000_cpg	1000	828	295670	cg19200589	15	832.2	fold_selection_consensus
consensus_locked_1000_cpg	1000	829	227622	cg14359824	15	832.4666666666667	fold_selection_consensus
consensus_locked_1000_cpg	1000	830	342409	cg22775138	15	833.7333333333333	fold_selection_consensus
consensus_locked_1000_cpg	1000	831	127148	cg07639783	15	836.0666666666667	fold_selection_consensus
consensus_locked_1000_cpg	1000	832	371490	cg24854181	15	836.2	fold_selection_consensus
consensus_locked_1000_cpg	1000	833	200056	cg12614667	15	836.4666666666667	fold_selection_consensus
consensus_locked_1000_cpg	1000	834	328144	cg21629500	15	836.4666666666667	fold_selection_consensus
consensus_locked_1000_cpg	1000	835	118529	cg07106794	15	837.2666666666667	fold_selection_consensus
consensus_locked_1000_cpg	1000	836	318112	cg20866694	15	838.0	fold_selection_consensus
consensus_locked_1000_cpg	1000	837	23375	cg01306183	15	838.0666666666667	fold_selection_consensus
consensus_locked_1000_cpg	1000	838	56240	cg03239552	15	840.0666666666667	fold_selection_consensus
consensus_locked_1000_cpg	1000	839	181683	cg11303839	15	840.4	fold_selection_consensus
consensus_locked_1000_cpg	1000	840	212146	cg13488570	15	841.0	fold_selection_consensus
consensus_locked_1000_cpg	1000	841	20091	cg01109574	15	841.2	fold_selection_consensus
consensus_locked_1000_cpg	1000	842	296796	cg19283806	15	843.8	fold_selection_consensus
consensus_locked_1000_cpg	1000	843	186968	cg11694519	15	844.2666666666667	fold_selection_consensus
consensus_locked_1000_cpg	1000	844	91663	cg05391892	15	844.4	fold_selection_consensus
consensus_locked_1000_cpg	1000	845	282618	cg18222083	15	845.5333333333333	fold_selection_consensus
consensus_locked_1000_cpg	1000	846	212430	cg13504411	15	845.6666666666666	fold_selection_consensus
consensus_locked_1000_cpg	1000	847	170814	cg10536999	15	847.6666666666666	fold_selection_consensus
consensus_locked_1000_cpg	1000	848	405031	cg27258050	15	848.0666666666667	fold_selection_consensus
consensus_locked_1000_cpg	1000	849	136727	cg08253651	15	848.4	fold_selection_consensus
consensus_locked_1000_cpg	1000	850	23286	cg01301382	15	850.5333333333333	fold_selection_consensus
consensus_locked_1000_cpg	1000	851	108354	cg06502570	15	850.9333333333333	fold_selection_consensus
consensus_locked_1000_cpg	1000	852	220043	cg13934406	15	851.4666666666667	fold_selection_consensus
consensus_locked_1000_cpg	1000	853	203487	cg12875241	15	851.6666666666666	fold_selection_consensus
consensus_locked_1000_cpg	1000	854	317437	cg20806180	15	852.2	fold_selection_consensus
consensus_locked_1000_cpg	1000	855	2115	cg00106345	15	852.4666666666667	fold_selection_consensus
consensus_locked_1000_cpg	1000	856	335511	cg22222281	15	853.8666666666667	fold_selection_consensus
consensus_locked_1000_cpg	1000	857	18427	cg01021196	15	854.9333333333333	fold_selection_consensus
consensus_locked_1000_cpg	1000	858	122955	cg07371589	15	857.0	fold_selection_consensus
consensus_locked_1000_cpg	1000	859	323758	cg21281009	15	857.6666666666666	fold_selection_consensus
consensus_locked_1000_cpg	1000	860	132475	cg07986239	15	858.9333333333333	fold_selection_consensus
consensus_locked_1000_cpg	1000	861	118896	cg07127888	15	859.4	fold_selection_consensus
consensus_locked_1000_cpg	1000	862	14414	cg00794174	15	860.0666666666667	fold_selection_consensus
consensus_locked_1000_cpg	1000	863	372186	cg24898738	15	861.2	fold_selection_consensus
consensus_locked_1000_cpg	1000	864	80288	cg04701034	15	861.4	fold_selection_consensus
consensus_locked_1000_cpg	1000	865	109109	cg06546806	15	863.4	fold_selection_consensus
consensus_locked_1000_cpg	1000	866	228565	cg14416371	15	863.6666666666666	fold_selection_consensus
consensus_locked_1000_cpg	1000	867	276922	cg17826530	15	869.2666666666667	fold_selection_consensus
consensus_locked_1000_cpg	1000	868	39886	cg02281970	15	869.8666666666667	fold_selection_consensus
consensus_locked_1000_cpg	1000	869	195729	cg12296772	15	870.2666666666667	fold_selection_consensus
consensus_locked_1000_cpg	1000	870	218244	cg13832604	15	870.9333333333333	fold_selection_consensus
consensus_locked_1000_cpg	1000	871	142023	cg08604097	15	871.6	fold_selection_consensus
consensus_locked_1000_cpg	1000	872	377089	cg25267258	15	871.8666666666667	fold_selection_consensus
consensus_locked_1000_cpg	1000	873	111727	cg06710672	15	872.4666666666667	fold_selection_consensus
consensus_locked_1000_cpg	1000	874	124706	cg07486474	15	872.7333333333333	fold_selection_consensus
consensus_locked_1000_cpg	1000	875	376248	cg25200152	15	873.5333333333333	fold_selection_consensus
consensus_locked_1000_cpg	1000	876	321479	cg21131024	15	875.0666666666667	fold_selection_consensus
consensus_locked_1000_cpg	1000	877	36690	cg02085507	15	875.8666666666667	fold_selection_consensus
consensus_locked_1000_cpg	1000	878	186840	cg11685843	15	875.9333333333333	fold_selection_consensus
consensus_locked_1000_cpg	1000	879	373105	cg24968629	15	876.2	fold_selection_consensus
consensus_locked_1000_cpg	1000	880	296420	cg19256731	15	876.2666666666667	fold_selection_consensus
consensus_locked_1000_cpg	1000	881	254464	cg16234557	15	876.4666666666667	fold_selection_consensus
consensus_locked_1000_cpg	1000	882	122228	cg07324702	15	878.8	fold_selection_consensus
consensus_locked_1000_cpg	1000	883	184750	cg11536474	15	881.7333333333333	fold_selection_consensus
consensus_locked_1000_cpg	1000	884	308757	cg20137991	15	881.9333333333333	fold_selection_consensus
consensus_locked_1000_cpg	1000	885	145961	cg08862890	15	884.2666666666667	fold_selection_consensus
consensus_locked_1000_cpg	1000	886	389225	cg26173773	15	884.6666666666666	fold_selection_consensus
consensus_locked_1000_cpg	1000	887	168246	cg10365886	15	886.0	fold_selection_consensus
consensus_locked_1000_cpg	1000	888	253112	cg16135989	15	886.1333333333333	fold_selection_consensus
consensus_locked_1000_cpg	1000	889	77428	cg04522310	15	887.2	fold_selection_consensus
consensus_locked_1000_cpg	1000	890	101776	cg06051311	15	888.2666666666667	fold_selection_consensus
consensus_locked_1000_cpg	1000	891	255944	cg16328106	15	891.3333333333334	fold_selection_consensus
consensus_locked_1000_cpg	1000	892	47695	cg02734358	15	892.6	fold_selection_consensus
consensus_locked_1000_cpg	1000	893	247650	cg15732840	15	893.0666666666667	fold_selection_consensus
consensus_locked_1000_cpg	1000	894	91878	cg05404698	15	893.1333333333333	fold_selection_consensus
consensus_locked_1000_cpg	1000	895	194409	cg12194594	15	893.6666666666666	fold_selection_consensus
consensus_locked_1000_cpg	1000	896	251195	cg15996480	15	894.2	fold_selection_consensus
consensus_locked_1000_cpg	1000	897	87353	cg05135828	15	894.3333333333334	fold_selection_consensus
consensus_locked_1000_cpg	1000	898	282732	cg18229178	15	897.2666666666667	fold_selection_consensus
consensus_locked_1000_cpg	1000	899	262733	cg16765600	15	899.2666666666667	fold_selection_consensus
consensus_locked_1000_cpg	1000	900	152192	cg09285851	15	899.5333333333333	fold_selection_consensus
consensus_locked_1000_cpg	1000	901	204245	cg12934258	15	901.1333333333333	fold_selection_consensus
consensus_locked_1000_cpg	1000	902	126413	cg07592963	15	902.0	fold_selection_consensus
consensus_locked_1000_cpg	1000	903	362157	cg24169669	15	902.4666666666667	fold_selection_consensus
consensus_locked_1000_cpg	1000	904	374636	cg25078444	15	903.2	fold_selection_consensus
consensus_locked_1000_cpg	1000	905	157915	cg09670128	15	904.5333333333333	fold_selection_consensus
consensus_locked_1000_cpg	1000	906	347923	cg23161999	15	904.5333333333333	fold_selection_consensus
consensus_locked_1000_cpg	1000	907	89997	cg05297854	15	905.0666666666667	fold_selection_consensus
consensus_locked_1000_cpg	1000	908	314816	cg20618651	15	905.2666666666667	fold_selection_consensus
consensus_locked_1000_cpg	1000	909	64466	cg03730533	15	905.7333333333333	fold_selection_consensus
consensus_locked_1000_cpg	1000	910	295169	cg19156875	15	907.6	fold_selection_consensus
consensus_locked_1000_cpg	1000	911	385986	cg25947619	15	910.9333333333333	fold_selection_consensus
consensus_locked_1000_cpg	1000	912	209041	cg13305186	15	912.5333333333333	fold_selection_consensus
consensus_locked_1000_cpg	1000	913	1479	cg00074145	15	913.3333333333334	fold_selection_consensus
consensus_locked_1000_cpg	1000	914	127508	cg07665510	15	914.0666666666667	fold_selection_consensus
consensus_locked_1000_cpg	1000	915	361035	cg24096120	15	916.3333333333334	fold_selection_consensus
consensus_locked_1000_cpg	1000	916	62832	cg03630736	15	917.3333333333334	fold_selection_consensus
consensus_locked_1000_cpg	1000	917	69179	cg04021697	15	917.5333333333333	fold_selection_consensus
consensus_locked_1000_cpg	1000	918	54604	cg03140412	15	917.7333333333333	fold_selection_consensus
consensus_locked_1000_cpg	1000	919	133844	cg08079908	15	919.8	fold_selection_consensus
consensus_locked_1000_cpg	1000	920	377281	cg25282976	15	919.8666666666667	fold_selection_consensus
consensus_locked_1000_cpg	1000	921	244508	cg15517113	15	920.2	fold_selection_consensus
consensus_locked_1000_cpg	1000	922	201339	cg12707343	15	920.5333333333333	fold_selection_consensus
consensus_locked_1000_cpg	1000	923	299950	cg19518104	15	921.0	fold_selection_consensus
consensus_locked_1000_cpg	1000	924	67131	cg03899054	15	923.4	fold_selection_consensus
consensus_locked_1000_cpg	1000	925	324397	cg21340500	15	924.4	fold_selection_consensus
consensus_locked_1000_cpg	1000	926	21001	cg01163842	15	925.1333333333333	fold_selection_consensus
consensus_locked_1000_cpg	1000	927	346766	cg23072161	15	925.4666666666667	fold_selection_consensus
consensus_locked_1000_cpg	1000	928	34051	cg01940181	15	926.2	fold_selection_consensus
consensus_locked_1000_cpg	1000	929	11487	cg00627029	15	926.4666666666667	fold_selection_consensus
consensus_locked_1000_cpg	1000	930	174257	cg10781408	15	927.9333333333333	fold_selection_consensus
consensus_locked_1000_cpg	1000	931	53158	cg03048083	15	929.6	fold_selection_consensus
consensus_locked_1000_cpg	1000	932	129583	cg07802350	15	933.8666666666667	fold_selection_consensus
consensus_locked_1000_cpg	1000	933	47803	cg02740007	15	934.4	fold_selection_consensus
consensus_locked_1000_cpg	1000	934	181017	cg11254700	15	938.0666666666667	fold_selection_consensus
consensus_locked_1000_cpg	1000	935	367022	cg24536782	15	938.0666666666667	fold_selection_consensus
consensus_locked_1000_cpg	1000	936	95336	cg05639246	15	938.8666666666667	fold_selection_consensus
consensus_locked_1000_cpg	1000	937	180369	cg11213574	15	939.8	fold_selection_consensus
consensus_locked_1000_cpg	1000	938	241267	cg15258447	15	940.0	fold_selection_consensus
consensus_locked_1000_cpg	1000	939	300416	cg19551589	15	941.6	fold_selection_consensus
consensus_locked_1000_cpg	1000	940	146320	cg08883213	15	941.8666666666667	fold_selection_consensus
consensus_locked_1000_cpg	1000	941	238905	cg15083233	15	945.4	fold_selection_consensus
consensus_locked_1000_cpg	1000	942	318155	cg20871586	15	945.6	fold_selection_consensus
consensus_locked_1000_cpg	1000	943	402901	cg27102141	15	945.8666666666667	fold_selection_consensus
consensus_locked_1000_cpg	1000	944	322387	cg21189438	15	946.9333333333333	fold_selection_consensus
consensus_locked_1000_cpg	1000	945	271778	cg17429772	15	948.7333333333333	fold_selection_consensus
consensus_locked_1000_cpg	1000	946	16090	cg00892742	15	949.8	fold_selection_consensus
consensus_locked_1000_cpg	1000	947	164856	cg10142520	15	951.4	fold_selection_consensus
consensus_locked_1000_cpg	1000	948	79264	cg04633922	15	951.9333333333333	fold_selection_consensus
consensus_locked_1000_cpg	1000	949	168035	cg10350880	15	952.0	fold_selection_consensus
consensus_locked_1000_cpg	1000	950	342765	cg22798849	15	953.7333333333333	fold_selection_consensus
consensus_locked_1000_cpg	1000	951	125380	cg07532353	15	956.0	fold_selection_consensus
consensus_locked_1000_cpg	1000	952	265556	cg16987900	15	957.6	fold_selection_consensus
consensus_locked_1000_cpg	1000	953	295732	cg19206146	15	959.3333333333334	fold_selection_consensus
consensus_locked_1000_cpg	1000	954	403022	cg27109912	15	960.8666666666667	fold_selection_consensus
consensus_locked_1000_cpg	1000	955	182478	cg11359133	15	965.5333333333333	fold_selection_consensus
consensus_locked_1000_cpg	1000	956	233065	cg14671764	15	967.0666666666667	fold_selection_consensus
consensus_locked_1000_cpg	1000	957	71949	cg04189187	15	968.2	fold_selection_consensus
consensus_locked_1000_cpg	1000	958	72359	cg04213841	15	974.0	fold_selection_consensus
consensus_locked_1000_cpg	1000	959	254468	cg16234978	14	911.1428571428571	fold_selection_consensus
consensus_locked_1000_cpg	1000	960	338835	cg22498143	14	925.0714285714286	fold_selection_consensus
consensus_locked_1000_cpg	1000	961	140205	cg08481075	14	955.4285714285714	fold_selection_consensus
consensus_locked_1000_cpg	1000	962	230873	cg14544666	14	960.1428571428571	fold_selection_consensus
consensus_locked_1000_cpg	1000	963	70604	cg04109898	14	963.0	fold_selection_consensus
consensus_locked_1000_cpg	1000	964	279144	cg17987112	14	968.6428571428571	fold_selection_consensus
consensus_locked_1000_cpg	1000	965	145272	cg08822897	14	970.0	fold_selection_consensus
consensus_locked_1000_cpg	1000	966	361339	cg24118856	14	971.1428571428571	fold_selection_consensus
consensus_locked_1000_cpg	1000	967	189268	cg11841704	13	935.1538461538462	fold_selection_consensus
consensus_locked_1000_cpg	1000	968	133429	cg08052226	13	946.1538461538462	fold_selection_consensus
consensus_locked_1000_cpg	1000	969	315021	cg20634967	13	948.6153846153846	fold_selection_consensus
consensus_locked_1000_cpg	1000	970	201810	cg12744859	13	956.8461538461538	fold_selection_consensus
consensus_locked_1000_cpg	1000	971	246995	cg15690342	13	960.4615384615385	fold_selection_consensus
consensus_locked_1000_cpg	1000	972	339046	cg22511877	13	964.0769230769231	fold_selection_consensus
consensus_locked_1000_cpg	1000	973	42360	cg02423105	13	964.3076923076923	fold_selection_consensus
consensus_locked_1000_cpg	1000	974	35125	cg01999051	13	977.0769230769231	fold_selection_consensus
consensus_locked_1000_cpg	1000	975	8149	cg00450617	12	953.3333333333334	fold_selection_consensus
consensus_locked_1000_cpg	1000	976	162945	cg10017293	12	965.4166666666666	fold_selection_consensus
consensus_locked_1000_cpg	1000	977	167533	cg10317717	12	965.75	fold_selection_consensus
consensus_locked_1000_cpg	1000	978	408325	cg27485596	12	967.25	fold_selection_consensus
consensus_locked_1000_cpg	1000	979	398656	cg26818625	12	971.25	fold_selection_consensus
consensus_locked_1000_cpg	1000	980	290450	cg18792131	12	975.8333333333334	fold_selection_consensus
consensus_locked_1000_cpg	1000	981	90239	cg05311410	12	987.75	fold_selection_consensus
consensus_locked_1000_cpg	1000	982	166152	cg10220809	11	956.0909090909091	fold_selection_consensus
consensus_locked_1000_cpg	1000	983	63041	cg03643948	11	980.6363636363636	fold_selection_consensus
consensus_locked_1000_cpg	1000	984	182231	cg11342198	10	941.8	fold_selection_consensus
consensus_locked_1000_cpg	1000	985	278223	cg17920646	10	957.3	fold_selection_consensus
consensus_locked_1000_cpg	1000	986	247462	cg15720832	10	962.4	fold_selection_consensus
consensus_locked_1000_cpg	1000	987	4145	cg00225603	10	962.6	fold_selection_consensus
consensus_locked_1000_cpg	1000	988	228826	cg14429919	10	967.6	fold_selection_consensus
consensus_locked_1000_cpg	1000	989	346652	cg23064609	10	971.3	fold_selection_consensus
consensus_locked_1000_cpg	1000	990	107658	cg06457633	10	976.9	fold_selection_consensus
consensus_locked_1000_cpg	1000	991	99500	cg05911774	9	966.1111111111111	fold_selection_consensus
consensus_locked_1000_cpg	1000	992	274151	cg17601191	9	971.0	fold_selection_consensus
consensus_locked_1000_cpg	1000	993	392435	cg26388816	9	976.5555555555555	fold_selection_consensus
consensus_locked_1000_cpg	1000	994	175713	cg10881128	9	978.8888888888889	fold_selection_consensus
consensus_locked_1000_cpg	1000	995	238161	cg15031661	9	980.6666666666666	fold_selection_consensus
consensus_locked_1000_cpg	1000	996	54024	cg03103218	9	981.8888888888889	fold_selection_consensus
consensus_locked_1000_cpg	1000	997	403862	cg27169860	8	967.375	fold_selection_consensus
consensus_locked_1000_cpg	1000	998	216833	cg13750264	8	977.5	fold_selection_consensus
consensus_locked_1000_cpg	1000	999	209515	cg13337731	8	982.5	fold_selection_consensus
consensus_locked_1000_cpg	1000	1000	392640	cg26401673	7	983.5714285714286	fold_selection_consensus
